Entry Number,Entry Date,Arrival Date,Broker Ref. No.,Part Number,Primary HTS,CPSC Commercial Description,CPSC Certifier ID,CPSC Product ID Number,CPSC Product ID Version Number,CPSC Intended Use,CPSC Intended Use Description
CHQ-2222420-0,3/4/2026,,3738970,V314,6203439030,V314 - US WOVEN MEN SYNTHETIC SHORTS,VUORI,V314,663CDC6F,,
CHQ-2222255-0,3/5/2026,,3763727,V1101,6105100010,"V1101 - CA, US KNIT MEN COTTON SHIRT",VUORI,V1101,6B127887,,
CHQ-2223150-2,3/5/2026,,3739052,V3070,6203439030,V3070 - US WOVEN MEN SYNTHETIC SHORTS,VUORI,V3070,267B5B80,,
CHQ-2223749-1,3/6/2026,,3667645,V1118,6109901007,V1118 - US KNIT MEN MAN-MADE T-SHIRT,VUORI,V1118,9FB234FA,,
CHQ-2222435-8,3/8/2026,,3763795,V3078,6203439030,V3078 - US WOVEN MEN SYNTHETIC SHORTS,VUORI,V3078,3E27DC11,,
CHQ-2223783-0,3/8/2026,,3763836,V3070,6203439030,V3070 - US WOVEN MEN SYNTHETIC SHORTS,VUORI,V3070,267B5B80,,
CHQ-2223822-6,3/9/2026,,3763301,V3070,6203439030,V3070 - US WOVEN MEN SYNTHETIC SHORTS,VUORI,V3070,267B5B80,,
CHQ-2223361-5,3/9/2026,,3763709,V3072,6203439030,V3072 - US WOVEN MEN SYNTHETIC SHORTS,VUORI,V3072,6415401B,,
CHQ-2223361-5,3/9/2026,,3763709,V3078,6203439030,V3078 - US WOVEN MEN SYNTHETIC SHORTS,VUORI,V3078,3E27DC11,,
CHQ-2223810-1,3/10/2026,,3672424,V1101,6105100010,"V1101 - CA, US KNIT MEN COTTON SHIRT",VUORI,V1101,6B127887,,
CHQ-2223810-1,3/10/2026,,3672424,V1106,6105100010,"V1106 - US, CA KNIT MEN COTTON BUTTON DOWN SHIRTS, POLOS",VUORI,V1106,A3283FBA,,
CHQ-2223811-9,3/10/2026,,3691491,V3070,6203439030,V3070 - US WOVEN MEN SYNTHETIC SHORTS,VUORI,V3070,267B5B80,,
CHQ-2223811-9,3/10/2026,,3691491,V3070,6203439030,V3070 - US WOVEN MEN SYNTHETIC SHORTS,VUORI,V3070,267B5B80,,
CHQ-2223811-9,3/10/2026,,3691491,V3072,6203439030,V3072 - US WOVEN MEN SYNTHETIC SHORTS,VUORI,V3072,6415401B,,
CHQ-2223811-9,3/10/2026,,3691491,V3072,6203439030,V3072 - US WOVEN MEN SYNTHETIC SHORTS,VUORI,V3072,6415401B,,
CHQ-2223811-9,3/10/2026,,3691491,V3072,6203439030,V3072 - US WOVEN MEN SYNTHETIC SHORTS,VUORI,V3072,6415401B,,
CHQ-2223811-9,3/10/2026,,3691491,V3092,6203439030,V3092 - US WOVEN MEN SYNTHETIC SHORTS,VUORI,V3092,47C2CB60,,
CHQ-2223811-9,3/10/2026,,3691491,V330,6203439030,V330 - US WOVEN MEN SYNTHETIC SHORTS,VUORI,V330,5A975DF3,,
CHQ-2223811-9,3/10/2026,,3691491,V330,6203439030,V330 - US WOVEN MEN SYNTHETIC SHORTS,VUORI,V330,5A975DF3,,
CHQ-2223849-9,3/11/2026,,3763814,V1106,6105100010,"V1106 - US, CA KNIT MEN COTTON BUTTON DOWN SHIRTS, POLOS",VUORI,V1106,A3283FBA,,
CHQ-2223849-9,3/11/2026,,3763814,V3078,6203439030,V3078 - US WOVEN MEN SYNTHETIC SHORTS,VUORI,V3078,3E27DC11,,
CHQ-2225645-9,3/13/2026,,3676821,V4037,6203424511,V4037 - US WOVEN MEN COTTON BLUE DENIM,VUORI,V4037,E1D196FD,,
CHQ-2226076-6,3/15/2026,,3726561,V3078,6203439030,V3078 - US WOVEN MEN SYNTHETIC SHORTS,VUORI,V3078,3E27DC11,,
CHQ-2226070-9,3/15/2026,,3700892,V314,6203439030,V314 - US WOVEN MEN SYNTHETIC SHORTS,VUORI,V314,663CDC6F,,
CHQ-2243259-7,4/17/2026,4/17/2026,3825087,V3070,6203439030,V3070 - US WOVEN MEN SYNTHETIC SHORTS,VUORI,V3070,267B5B80,,
CHQ-2247372-4,4/27/2026,4/27/2026,3777413,V314,6203439030,V314 - US WOVEN MEN SYNTHETIC SHORTS,VUORI,V314,663CDC6F,,
CHQ-2247372-4,4/27/2026,4/27/2026,3777413,V314,6203439030,V314 - US WOVEN MEN SYNTHETIC SHORTS,VUORI,V314,663CDC6F,,
CHQ-2248912-6,4/29/2026,4/29/2026,3826731,V3092,6203439030,V3092 - US WOVEN MEN SYNTHETIC SHORTS,VUORI,V3092,47C2CB60,,
CHQ-2247372-4,4/27/2026,4/27/2026,3777413,V3072,6203439030,V3072 - US WOVEN MEN SYNTHETIC SHORTS,VUORI,V3072,6415401B,,
CHQ-2248266-7,4/28/2026,4/28/2026,3825024,V3072,6203439030,V3072 - US WOVEN MEN SYNTHETIC SHORTS,VUORI,V3072,6415401B,,
CHQ-2248266-7,4/28/2026,4/28/2026,3825024,V3072,6203439030,V3072 - US WOVEN MEN SYNTHETIC SHORTS,VUORI,V3072,6415401B,,
CHQ-2248266-7,4/28/2026,4/28/2026,3825024,V3072,6203439030,V3072 - US WOVEN MEN SYNTHETIC SHORTS,VUORI,V3072,6415401B,,
CHQ-2248266-7,4/28/2026,4/28/2026,3825024,V3072,6203439030,V3072 - US WOVEN MEN SYNTHETIC SHORTS,VUORI,V3072,6415401B,,
CHQ-2248912-6,4/29/2026,4/29/2026,3826731,V3072,6203439030,V3072 - US WOVEN MEN SYNTHETIC SHORTS,VUORI,V3072,6415401B,,
CHQ-2247372-4,4/27/2026,4/27/2026,3777413,V3070,6203439030,V3070 - US WOVEN MEN SYNTHETIC SHORTS,VUORI,V3070,267B5B80,,
CHQ-2252257-9,5/5/2026,5/5/2026,3789906,V3070,6203439030,V3070 - US WOVEN MEN SYNTHETIC SHORTS,VUORI,V3070,267B5B80,,
CHQ-2252257-9,5/5/2026,5/5/2026,3789906,V3070,6203439030,V3070 - US WOVEN MEN SYNTHETIC SHORTS,VUORI,V3070,267B5B80,,
CHQ-2252257-9,5/5/2026,5/5/2026,3789906,V3072,6203439030,V3072 - US WOVEN MEN SYNTHETIC SHORTS,VUORI,V3072,6415401B,,
CHQ-2252257-9,5/5/2026,5/5/2026,3789906,V3078,6203439030,V3078 - US WOVEN MEN SYNTHETIC SHORTS,VUORI,V3078,3E27DC11,,
CHQ-2252257-9,5/5/2026,5/5/2026,3789906,V3078,6203439030,V3078 - US WOVEN MEN SYNTHETIC SHORTS,VUORI,V3078,3E27DC11,,
CHQ-2252257-9,5/5/2026,5/5/2026,3789906,V314,6203439030,V314 - US WOVEN MEN SYNTHETIC SHORTS,VUORI,V314,663CDC6F,,
CHQ-2252257-9,5/5/2026,5/5/2026,3789906,V314,6203439030,V314 - US WOVEN MEN SYNTHETIC SHORTS,VUORI,V314,663CDC6F,,
CHQ-2257647-6,5/19/2026,5/19/2026,3832005,V3092,6203439030,V3092 - US WOVEN MEN SYNTHETIC SHORTS,VUORI,V3092,D66B9446,,
CHQ-2257647-6,5/19/2026,5/19/2026,3832005,V314,6203439030,V314 - US WOVEN MEN SYNTHETIC SHORTS,VUORI,V314,96069F9C,,
CHQ-2257647-6,5/19/2026,5/19/2026,3832005,V1101,6105100010,"V1101 - CA, US KNIT MEN COTTON SHIRT",VUORI,V1101,3AC659C1,,
CHQ-2257647-6,5/19/2026,5/19/2026,3832005,V1101,6105100010,"V1101 - CA, US KNIT MEN COTTON SHIRT",VUORI,V1101,3AC659C1,,
CHQ-2257647-6,5/19/2026,5/19/2026,3832005,V1101,6105100010,"V1101 - CA, US KNIT MEN COTTON SHIRT",VUORI,V1101,3AC659C1,,
CHQ-2260146-4,5/25/2026,5/25/2026,3836773,V4037,6203424511,V4037 - US WOVEN MEN COTTON BLUE DENIM,VUORI,V4037,2188C6A5,,
CHQ-2263328-5,5/31/2026,6/3/2026,3924474,V3070,6203439030,V3070 - US WOVEN MEN SYNTHETIC SHORTS,VUORI,V3070,A43DCA3C,,
CHQ-2263328-5,5/31/2026,6/3/2026,3924474,V3070,6203439030,V3070 - US WOVEN MEN SYNTHETIC SHORTS,VUORI,V3070,A43DCA3C,,
CHQ-2263615-5,6/1/2026,6/1/2026,3922904,V3072,6203439030,V3072 - US WOVEN MEN SYNTHETIC SHORTS,VUORI,V3072,3A8E6667,,
CHQ-2265359-8,6/3/2026,6/4/2026,3924450,V3070,6203439030,V3070 - US WOVEN MEN SYNTHETIC SHORTS,VUORI,V3070,A43DCA3C,,
CHQ-2265829-0,6/9/2026,6/9/2026,3895124,V4037,6203424511,V4037 - US WOVEN MEN COTTON BLUE DENIM,VUORI,V4037,2188C6A5,,
CHQ-2276380-1,6/27/2026,6/27/2026,3984246,V3070,6203439030,V3070 - US WOVEN MEN SYNTHETIC SHORTS,VUORI,V3070,A43DCA3C,,
CHQ-2277944-3,6/30/2026,6/30/2026,3912377,VW1620,6114301020,VW1620 - PO-00031625 WOMEN'S 47% ORGANIC COTTON 47% LENZING MODAL 6%SP,VUORI,VW1620,11891F79,,
CHQ-2277944-3,6/30/2026,6/30/2026,3912377,VW1620,6114301020,VW1620 - PO-00031625 WOMEN'S 47% ORGANIC COTTON 47% LENZING MODAL 6%SP,VUORI,VW1620,11891F79,,
CHQ-2277983-1,6/30/2026,6/30/2026,3863819,VW1609,6110303059,VW1609 - WOMENS KNIT L/S HALO V-NECK CARDIGAN 89% RECYCLED POLYESTER 1,VUORI,VW1609,139996B6,,
CHQ-2277944-3,6/30/2026,6/30/2026,3912377,VW3284,6104632030,VW3284 - WOMENS KNIT HALO SHORT 89%RECYCLED POLYESTER 11%ELASTANE,VUORI,VW3284,1A97FF71,,
CHQ-2278220-7,7/1/2026,6/29/2026,3929062,VW4523,6104632006,VW4523 - WOMENS KNIT VUORI ALLTHEFEELS LW LEGGING 75% POLYAMIDE 25% EL,VUORI,VW4523,1B53221E,,
CHQ-2279076-2,7/4/2026,7/4/2026,3900397,VW4523,6104632006,VW4523 - WOMENS KNIT VUORI ALLTHEFEELS LW LEGGING 75% POLYAMIDE 25% EL,VUORI,VW4523,1B53221E,,
CHQ-2279106-7,7/4/2026,7/4/2026,3964425,VW4523,6104632006,VW4523 - WOMENS KNIT VUORI ALLTHEFEELS LW LEGGING 75% POLYAMIDE 25% EL,VUORI,VW4523,1B53221E,,
CHQ-2279116-6,7/4/2026,7/4/2026,3934799,VW4523,6104632006,VW4523 - WOMENS KNIT VUORI ALLTHEFEELS LW LEGGING 75% POLYAMIDE 25% EL,VUORI,VW4523,1B53221E,,
CHQ-2277983-1,6/30/2026,6/30/2026,3863819,VW5152,6110303045,VW5152 - WOMENS KNIT VUORI ALLTHEFEELS MINI FZ HOOD 75% POLYAMIDE 25%,VUORI,VW5152,1D056C52,,
CHQ-2277966-6,6/30/2026,6/30/2026,3856435,VW2084,6110303059,VW2084 - US KNIT WOMEN MAN-MADE OTHER PULLOVER,VUORI,VW2084,1FD2F59B,,
CHQ-2277966-6,6/30/2026,6/30/2026,3856435,VW2084,6110303059,VW2084 - US KNIT WOMEN MAN-MADE OTHER PULLOVER,VUORI,VW2084,1FD2F59B,,
CHQ-2277966-6,6/30/2026,6/30/2026,3856435,VW2084-L,6110303045,VW2084-L - US KNIT WOMEN MAN-MADE SWEATSHIRT,VUORI,VW2084-L,1FD2F59B,,
CHQ-2277966-6,6/30/2026,6/30/2026,3856435,VW2084-L,6110303045,VW2084-L - US KNIT WOMEN MAN-MADE SWEATSHIRT,VUORI,VW2084-L,1FD2F59B,,
CHQ-2277966-6,6/30/2026,6/30/2026,3856435,VW2084-L,6110303045,VW2084-L - US KNIT WOMEN MAN-MADE SWEATSHIRT,VUORI,VW2084-L,1FD2F59B,,
CHQ-2277966-6,6/30/2026,6/30/2026,3856435,VW2084-L,6110303045,VW2084-L - US KNIT WOMEN MAN-MADE SWEATSHIRT,VUORI,VW2084-L,1FD2F59B,,
CHQ-2277983-1,6/30/2026,6/30/2026,3863819,VW2084,6110303059,VW2084 - US KNIT WOMEN MAN-MADE OTHER PULLOVER,VUORI,VW2084,1FD2F59B,,
CHQ-2277983-1,6/30/2026,6/30/2026,3863819,VW2084,6110303059,VW2084 - US KNIT WOMEN MAN-MADE OTHER PULLOVER,VUORI,VW2084,1FD2F59B,,
CHQ-2278538-2,7/1/2026,6/30/2026,3856435,VW2084,6110303059,VW2084 - US KNIT WOMEN MAN-MADE OTHER PULLOVER,VUORI,VW2084,1FD2F59B,,
CHQ-2278538-2,7/1/2026,6/30/2026,3856435,VW2084,6110303059,VW2084 - US KNIT WOMEN MAN-MADE OTHER PULLOVER,VUORI,VW2084,1FD2F59B,,
CHQ-2279546-4,7/3/2026,7/3/2026,3993902,VW5076,6102302010,"VW5076 - US KNIT WOMEN MAN-MADE COAT, JACKET",VUORI,VW5076,36EB855A,,
CHQ-2278638-0,7/2/2026,6/23/2026,3915116,VW1622,6211431062,"VW1622 - WOVEN 86% LYOCELL, 14% LINEN WOMEN TRESTLES TWILL BUTTONDOWN",VUORI,VW1622,5BA21CB1,,
CHQ-2278257-9,7/2/2026,6/30/2026,3879485,VW4018,6104632006,VW4018 - US KNIT WOMEN'S BOTTOMS,VUORI,VW4018,66C26343,,
CHQ-2278257-9,7/2/2026,6/30/2026,3879485,VW4018,6104632006,VW4018 - US KNIT WOMEN'S BOTTOMS,VUORI,VW4018,66C26343,,
CHQ-2278257-9,7/2/2026,6/30/2026,3879485,VW4018,6104632006,VW4018 - US KNIT WOMEN'S BOTTOMS,VUORI,VW4018,66C26343,,
CHQ-2277966-6,6/30/2026,6/30/2026,3856435,VW2064,6110303059,VW2064 - US KNIT WOMEN MAN-MADE OTHER PULLOVER,VUORI,VW2064,7D05FC43,,
CHQ-2277966-6,6/30/2026,6/30/2026,3856435,VW2064,6110303059,VW2064 - US KNIT WOMEN MAN-MADE OTHER PULLOVER,VUORI,VW2064,7D05FC43,,
CHQ-2277983-1,6/30/2026,6/30/2026,3863819,VW2064,6110303059,VW2064 - US KNIT WOMEN MAN-MADE OTHER PULLOVER,VUORI,VW2064,7D05FC43,,
CHQ-2277983-1,6/30/2026,6/30/2026,3863819,VW2064,6110303059,VW2064 - US KNIT WOMEN MAN-MADE OTHER PULLOVER,VUORI,VW2064,7D05FC43,,
CHQ-2278538-2,7/1/2026,6/30/2026,3856435,VW2064,6110303059,VW2064 - US KNIT WOMEN MAN-MADE OTHER PULLOVER,VUORI,VW2064,7D05FC43,,
CHQ-2278538-2,7/1/2026,6/30/2026,3856435,VW2064,6110303059,VW2064 - US KNIT WOMEN MAN-MADE OTHER PULLOVER,VUORI,VW2064,7D05FC43,,
CHQ-2279012-7,7/3/2026,7/3/2026,3950022,VW1346,6212109020,VW1346 - WOMENS KNIT V1 RUN BRA 72% RECYCLED POLYESTER 28% ELASTANE,VUORI,VW1346,9CB20E1D,,
CHQ-2278538-2,7/1/2026,6/30/2026,3856435,VW2177,6110303059,VW2177 - WOMENS KNIT HALO HALF ZIP 89% RECYCLED POLYESTER 11% ELASTANE,VUORI,VW2177,A39063D0,,
CHQ-2278538-2,7/1/2026,6/30/2026,3856435,VW2177,6110303059,VW2177 - WOMENS KNIT HALO HALF ZIP 89% RECYCLED POLYESTER 11% ELASTANE,VUORI,VW2177,A39063D0,,
CHQ-2278538-2,7/1/2026,6/30/2026,3856435,VW2177,6110303059,VW2177 - WOMENS KNIT HALO HALF ZIP 89% RECYCLED POLYESTER 11% ELASTANE,VUORI,VW2177,A39063D0,,
CHQ-2278294-2,7/1/2026,7/1/2026,3961308,VW1355,6109901065,VW1355 - VUORI ALLTHEFEELS CAMI,VUORI,VW1355,A3DF7A56,,
CHQ-2279085-3,7/4/2026,7/4/2026,3940782,VW1479,6109901090,VW1479 - WOMENS KNIT L/S POSE SUBTLE SCOOP 87%MODAL RAYON 13%ELASTANE,VUORI,VW1479,A4814603,,
CHQ-2277944-3,6/30/2026,6/30/2026,3912377,VW169-L,6109901050,VW169-L - WOMENS KNIT POSE FITTED TEE - LONG 87% MODAL RAYON 13% ELAST,VUORI,VW169-L,AE24F56B,,
CHQ-2277944-3,6/30/2026,6/30/2026,3912377,VW169-L,6109901050,VW169-L - WOMENS KNIT POSE FITTED TEE - LONG 87% MODAL RAYON 13% ELAST,VUORI,VW169-L,AE24F56B,,
CHQ-2278257-9,7/2/2026,6/30/2026,3879485,VW3052,6104632030,VW3052 - US KNIT WOMEN SYNTHETIC SHORTS,VUORI,VW3052,B2A69418,,
CHQ-2278257-9,7/2/2026,6/30/2026,3879485,VW3052,6104632030,VW3052 - US KNIT WOMEN SYNTHETIC SHORTS,VUORI,VW3052,B2A69418,,
CHQ-2278257-9,7/2/2026,6/30/2026,3879485,VW3052,6104632030,VW3052 - US KNIT WOMEN SYNTHETIC SHORTS,VUORI,VW3052,B2A69418,,
CHQ-2278257-9,7/2/2026,6/30/2026,3879485,VW3052,6104632030,VW3052 - US KNIT WOMEN SYNTHETIC SHORTS,VUORI,VW3052,B2A69418,,
CHQ-2278257-9,7/2/2026,6/30/2026,3879485,VW4301,6104632006,VW4301 - US KNIT WOMEN SYNTHETIC PANTS W/ 5% OR MORE ELASTOMERIC,VUORI,VW4301,BE1BE77E,,
CHQ-2278257-9,7/2/2026,6/30/2026,3879485,VW4301,6104632006,VW4301 - US KNIT WOMEN SYNTHETIC PANTS W/ 5% OR MORE ELASTOMERIC,VUORI,VW4301,BE1BE77E,,
CHQ-2279120-8,7/3/2026,7/5/2026,3989461,VW4301,6104632006,VW4301 - US KNIT WOMEN SYNTHETIC PANTS W/ 5% OR MORE ELASTOMERIC,VUORI,VW4301,BE1BE77E,,
CHQ-2277983-1,6/30/2026,6/30/2026,3863819,VW1612,6109901065,VW1612 - WOMENS KNIT POSE HALTER 87% MODAL RAYON 13% ELASTANE,VUORI,VW1612,BFC5F5E4,,
CHQ-2277983-1,6/30/2026,6/30/2026,3863819,VW1612,6109901065,VW1612 - WOMENS KNIT POSE HALTER 87% MODAL RAYON 13% ELASTANE,VUORI,VW1612,BFC5F5E4,,
CHQ-2278638-0,7/2/2026,6/23/2026,3915116,VW3255,6204639032,"VW3255 - WOVEN 86% LYOCELL, 14% LINEN WOMEN TRESTLES LR TROUSER SHORT",VUORI,VW3255,C1EBBFDD,,
CHQ-2278984-8,7/3/2026,7/3/2026,3957341,V3154,6103431550,"V3154 - MENS KNIT PONTO RE/ACTV SHORT LINED 5"" 89% RECYCLED POLYESTER",VUORI,V3154,D22A3533,,
CHQ-2279033-3,7/3/2026,7/3/2026,3957321,V3154,6103431550,"V3154 - MENS KNIT PONTO RE/ACTV SHORT LINED 5"" 89% RECYCLED POLYESTER",VUORI,V3154,D22A3533,,
CHQ-2281279-8,7/8/2026,7/8/2026,3964513,V1099,6105202010,"V1099 - US KNIT MEN MAN-MADE BUTTON DOWN SHIRTS, POLOS",VUORI,V1099,087EE3C7,,
CHQ-2280511-5,7/7/2026,7/7/2026,3861362,,6105202010,"V1103 - US KNIT MEN MAN-MADE BUTTON DOWN SHIRTS, POLOS",VUORI,V1103,0609985D,,
CHQ-2282300-1,7/9/2026,7/7/2026,3914067,V1113,6109901007,V1113 - US KNIT MEN MAN-MADE T-SHIRT,VUORI,V1113,E954AFEE,,
CHQ-2282300-1,7/9/2026,7/7/2026,3914067,V1113,6109901007,V1113 - US KNIT MEN MAN-MADE T-SHIRT,VUORI,V1113,E954AFEE,,
CHQ-2282300-1,7/9/2026,7/7/2026,3914067,V1113,6109901007,V1113 - US KNIT MEN MAN-MADE T-SHIRT,VUORI,V1113,E954AFEE,,
CHQ-2280144-5,7/6/2026,6/30/2026,3914425,V1239,6109100012,V1239 - MENS 100% COTTON WOVEN SHIRTS PO-00032896,VUORI,V1239,B36D9A5A,,
CHQ-2280144-5,7/6/2026,6/30/2026,3914425,,6203424551,"V3142 - MENS 59% COTTON, 32% LYOCELL, 7% POLYESTER, 2% ELASTANE WOVEN",VUORI,V3142,1DC913BB,,
CHQ-2280144-5,7/6/2026,6/30/2026,3914425,,6203424511,V4037 - US WOVEN MEN COTTON BLUE DENIM,VUORI,V4037,2188C6A5,,
CHQ-2280696-4,7/7/2026,7/5/2026,3867259,,6103431520,V4102-30 - US KNIT MEN MAN-MADE PANTS,VUORI,V4102-30,C637E70C,,
CHQ-2280144-5,7/6/2026,6/30/2026,3914425,,6203424518,"V4125 - MENS 59% COTTON, 32% LYOCELL, 7% POLYESTER, 2% ELASTANE WOVEN",VUORI,V4125,FBC6DFEA,,
CHQ-2281275-6,7/7/2026,7/7/2026,3947308,V5019/M1 CHASE,6201407000,V5019/M1 CHASE - V1 COACH JACKET,VUORI,V5019,B1A2C3B5,,
CHQ-2281657-5,7/8/2026,7/8/2026,4020433,V8208,6115969020,V8208 - HALF CREW SOCK 2.0,VUORI,V8208,02E3C65E,,
CHQ-2281275-6,7/7/2026,7/7/2026,3947308,VW1207,6109901065,VW1207 - US KNIT TOPS,VUORI,VW1207,02D38A8D,,
CHQ-2281275-6,7/7/2026,7/7/2026,3947308,VW1207,6109901065,VW1207 - US KNIT TOPS,VUORI,VW1207,02D38A8D,,
CHQ-2281275-6,7/7/2026,7/7/2026,3947308,VW1207,6109901065,VW1207 - US KNIT TOPS,VUORI,VW1207,02D38A8D,,
CHQ-2280510-7,7/7/2026,7/6/2026,3844834,VW1212-L,6109901065,VW1212-L - US KNIT MEN MAN-MADE T-SHIRT,VUORI,VW1212,4B2FCEC2,,
CHQ-2280510-7,7/7/2026,7/6/2026,3844834,VW1212-L,6109901065,VW1212-L - US KNIT MEN MAN-MADE T-SHIRT,VUORI,VW1212,4B2FCEC2,,
CHQ-2282323-3,7/9/2026,7/7/2026,3870135,VW1219,6109901050,VW1219 - WOMENS KNIT S/S HALO BABY TEE 89%RECYCLED POLYESTER 11%ELASTA,VUORI,VW1219,DECB07A8,,
CHQ-2279153-9,7/8/2026,7/7/2026,3931926,VW1355,6109901065,VW1355 - VUORI ALLTHEFEELS CAMI,VUORI,VW1355,A3DF7A56,,
CHQ-2281275-6,7/7/2026,7/7/2026,3947308,VW1370,6212109020,VW1370 - US KNIT OR WOVEN WOMEN MAN-MADE BRA,VUORI,VW1370,A0BD0A61,,
CHQ-2281275-6,7/7/2026,7/7/2026,3947308,VW1370,6212109020,VW1370 - US KNIT OR WOVEN WOMEN MAN-MADE BRA,VUORI,VW1370,A0BD0A61,,
CHQ-2281275-6,7/7/2026,7/7/2026,3947308,VW1416,6109901065,"VW1416 - WOMEN'S 74% POLYAMIDE, 26% ELASTANE KNITTED TANK SHELL : 74%",VUORI,VW1416,8CC9C6F4,,
CHQ-2279153-9,7/8/2026,7/7/2026,3931926,VW1513,6212109020,VW1513 - WOMEN'S KNIT VUORI ALLTHEFEELS CAMI BRA.,VUORI,VW1513,7DE57017,,
CHQ-2282798-6,7/11/2026,7/11/2026,3964489,VW1610,6110303059,VW1610 - WOMENS KNIT VUORI ALLTHEFEELS L/S SCOOP 81% POLYAMIDE 19% ELA,VUORI,VW1610,D81022C8,,
CHQ-2281275-6,7/7/2026,7/7/2026,3947308,VW1622,6211431062,"VW1622 - WOVEN 86% LYOCELL, 14% LINEN WOMEN TRESTLES TWILL BUTTONDOWN",VUORI,VW1622,5BA21CB1,,
CHQ-2281275-6,7/7/2026,7/7/2026,3947308,VW1622,6211431062,"VW1622 - WOVEN 86% LYOCELL, 14% LINEN WOMEN TRESTLES TWILL BUTTONDOWN",VUORI,VW1622,5BA21CB1,,
CHQ-2281275-6,7/7/2026,7/7/2026,3947308,VW1622,6211431062,"VW1622 - WOVEN 86% LYOCELL, 14% LINEN WOMEN TRESTLES TWILL BUTTONDOWN",VUORI,VW1622,5BA21CB1,,
CHQ-2280510-7,7/7/2026,7/6/2026,3844834,VW2120,6110303045,VW2120 - US KNIT WOMEN MAN-MADE SWEATSHIRT,VUORI,VW2120,01075EE8,,
CHQ-2280510-7,7/7/2026,7/6/2026,3844834,VW2120,6110303045,VW2120 - US KNIT WOMEN MAN-MADE SWEATSHIRT,VUORI,VW2120,01075EE8,,
CHQ-2280510-7,7/7/2026,7/6/2026,3844834,VW2120,6110303045,VW2120 - US KNIT WOMEN MAN-MADE SWEATSHIRT,VUORI,VW2120,01075EE8,,
CHQ-2280510-7,7/7/2026,7/6/2026,3844834,VW2120,6110303045,VW2120 - US KNIT WOMEN MAN-MADE SWEATSHIRT,VUORI,VW2120,01075EE8,,
CHQ-2283000-6,7/10/2026,7/8/2026,3929676,VW2182,6110122030,VW2182 - WOMEN'S 100%CASHMERE KNITTED PULLOVER,VUORI,VW2182,96AA7293,,
CHQ-2283000-6,7/10/2026,7/8/2026,3929676,VW2182,6110122030,VW2182 - WOMEN'S 100%CASHMERE KNITTED PULLOVER,VUORI,VW2182,96AA7293,,
CHQ-2281275-6,7/7/2026,7/7/2026,3947308,VW3073,6104632030,VW3073 - US KNIT WOMEN'S BOTTOMS,VUORI,VW3073,3374129D,,
CHQ-2280511-5,7/7/2026,7/7/2026,3861362,VW3280,6104632030,"VW3280 - WOMENS KNIT VUORI ALLTHEFEELS LW SHORT 4"" 75% POLYAMIDE 25% E",VUORI,VW3280,7897DD9A,,
CHQ-2280696-4,7/7/2026,7/5/2026,3867259,,6104632006,VW404 - 79% RECYCLED POLYAMIDE 21% ELASTANE WOMENS MILES ANKLE PANT,VUORI,VW404,2C8219DD,,
CHQ-2281275-6,7/7/2026,7/7/2026,3947308,VW4130,6104632006,VW4130 - VUORI ALLTHEFORM LEGGING,VUORI,VW4130,3A13E1B0,,
CHQ-2281275-6,7/7/2026,7/7/2026,3947308,VW4130,6104632006,VW4130 - VUORI ALLTHEFORM LEGGING,VUORI,VW4130,3A13E1B0,,
CHQ-2281275-6,7/7/2026,7/7/2026,3947308,VW4130,6104632006,VW4130 - VUORI ALLTHEFORM LEGGING,VUORI,VW4130,3A13E1B0,,
CHQ-2282300-1,7/9/2026,7/7/2026,3914067,VW4463,6104632006,VW4463 - WOMENS KNIT HALO EASY WIDELEG PANT 89% RECYCLED POLYESTER 11%,VUORI,VW4463,E1CA1B56,,
CHQ-2281275-6,7/7/2026,7/7/2026,3947308,VW4494,6104632006,VW4494 - FORMREFINED LEGGING,VUORI,VW4494,2B61E2EF,,
CHQ-2280268-2,7/6/2026,7/6/2026,3975432,VW4520,6204628018,"VW4520 - WOMENS 64% COTTON, 35% LYOCELL, 1% ELASTANE WOVEN PANTS",VUORI,VW4520,D2AA8363,,
CHQ-2281270-7,7/7/2026,7/7/2026,4022770,VW4523,6104632006,VW4523 - WOMENS KNIT VUORI ALLTHEFEELS LW LEGGING 75% POLYAMIDE 25% EL,VUORI,VW4523,1B53221E,,
CHQ-2282715-0,7/10/2026,7/10/2026,3964443,VW4523,6104632006,VW4523 - WOMENS KNIT VUORI ALLTHEFEELS LW LEGGING 75% POLYAMIDE 25% EL,VUORI,VW4523,1B53221E,,
CHQ-2279153-9,7/8/2026,7/7/2026,3931926,VW5076,6102302010,"VW5076 - US KNIT WOMEN MAN-MADE COAT, JACKET",VUORI,VW5076,36EB855A,,
CHQ-2279983-9,7/8/2026,7/9/2026,3895107,VW5152,6110303045,VW5152 - WOMENS KNIT VUORI ALLTHEFEELS MINI FZ HOOD 75% POLYAMIDE 25%,VUORI,VW5152,1D056C52,,
CHQ-2285494-9,7/21/2026,7/21/2026,3935784,,6205302073,"V1152 - MEN 63% POLYESTER, 34% VISCOSE, 3% ELASTANE WOVEN L/S MIDWEIGH",VUORI,V1152,4FF30D51,,
CHQ-2286019-3,7/20/2026,7/20/2026,4038757,V3112,6203439030,V3112 - MEN'S 86% RECYCLED POLYESTER 14%SPANDEX WOVEN SHORTS,VUORI,V3112,A148F8AE,,
CHQ-2286125-8,7/20/2026,7/16/2026,4007308,VW1099,6212109020,VW1099 - VUORI ALLTHEFEELS BRA,VUORI,VW1099,7D435F99,,
CHQ-2288670-1,7/26/2026,7/28/2026,4010417,VW1532,6114301020,VW1532 - ELEVATION SQUARE NECK CAMI,VUORI,VW1532,7A7C1FA6,,
CHQ-2288670-1,7/26/2026,7/28/2026,4010417,VW1532,6114301020,VW1532 - ELEVATION SQUARE NECK CAMI,VUORI,VW1532,7A7C1FA6,,
CHQ-2285988-0,7/20/2026,7/20/2026,3998285,VW1610,6110303059,VW1610 - WOMENS KNIT VUORI ALLTHEFEELS L/S SCOOP 81% POLYAMIDE 19% ELA,VUORI,VW1610,D81022C8,,
CHQ-2286323-9,7/20/2026,7/20/2026,3994251,VW3284,6104632030,VW3284 - WOMENS KNIT HALO SHORT 89%RECYCLED POLYESTER 11%ELASTANE,VUORI,VW3284,1A97FF71,,
CHQ-2286323-9,7/20/2026,7/20/2026,3994251,VW3284,6104632030,VW3284 - WOMENS KNIT HALO SHORT 89%RECYCLED POLYESTER 11%ELASTANE,VUORI,VW3284,1A97FF71,,
CHQ-2290167-4,7/28/2026,7/28/2026,4000952,V1152,6205302073,"V1152 - MEN 63% POLYESTER, 34% VISCOSE, 3% ELASTANE WOVEN L/S MIDWEIGH",VUORI,V1152,4FF30D51,,
CHQ-2290352-2,7/28/2026,7/28/2026,4039063,,6212109020,VW1099 - VUORI ALLTHEFEELS BRA,VUORI,VW1099,7D435F99,,
CHQ-2290461-1,7/28/2026,7/28/2026,3982705,VW1263,6110303059,VW1263 - US KNIT WOMEN MAN-MADE OTHER PULLOVER,VUORI,VW1263,5F9EE7FD,,
CHQ-2290461-1,7/28/2026,7/28/2026,3982705,VW1263,6110303059,VW1263 - US KNIT WOMEN MAN-MADE OTHER PULLOVER,VUORI,VW1263,5F9EE7FD,,
CHQ-2292223-3,7/31/2026,7/31/2026,4010584,,6110303059,VW1469 - US KNIT WOMEN MAN-MADE OTHER PULLOVER,VUORI,VW1469,9D7C56E7,,
CHQ-2288625-5,7/27/2026,7/27/2026,4010336,VW1532,6114301020,VW1532 - ELEVATION SQUARE NECK CAMI,VUORI,VW1532,7A7C1FA6,,
CHQ-2288625-5,7/27/2026,7/27/2026,4010336,VW1532,6114301020,VW1532 - ELEVATION SQUARE NECK CAMI,VUORI,VW1532,7A7C1FA6,,
CHQ-2288647-9,7/28/2026,7/27/2026,4010445,VW1532,6114301020,VW1532 - ELEVATION SQUARE NECK CAMI,VUORI,VW1532,7A7C1FA6,,
CHQ-2288653-7,7/28/2026,7/27/2026,3998308,VW1610,6110303059,VW1610 - WOMENS KNIT VUORI ALLTHEFEELS L/S SCOOP 81% POLYAMIDE 19% ELA,VUORI,VW1610,D81022C8,,
CHQ-2290076-7,7/28/2026,7/28/2026,3984741,VW1612,6109901065,VW1612 - WOMENS KNIT POSE HALTER 87% MODAL RAYON 13% ELASTANE,VUORI,VW1612,7465F6C6,,
CHQ-2290076-7,7/28/2026,7/28/2026,3984741,VW1612,6109901065,VW1612 - WOMENS KNIT POSE HALTER 87% MODAL RAYON 13% ELASTANE,VUORI,VW1612,7465F6C6,,
CHQ-2290076-7,7/28/2026,7/28/2026,3984741,VW1612,6109901065,VW1612 - WOMENS KNIT POSE HALTER 87% MODAL RAYON 13% ELASTANE,VUORI,VW1612, 7465F6C6,,
CHQ-2290076-7,7/28/2026,7/28/2026,3984741,VW2064,6110303059,VW2064 - US KNIT WOMEN MAN-MADE OTHER PULLOVER,VUORI,VW2064,7D05FC43,,
CHQ-2290076-7,7/28/2026,7/28/2026,3984741,VW2064,6110303059,VW2064 - US KNIT WOMEN MAN-MADE OTHER PULLOVER,VUORI,VW2064,7D05FC43,,
CHQ-2290076-7,7/28/2026,7/28/2026,3984741,VW2084,6110303059,VW2084 - US KNIT WOMEN MAN-MADE OTHER PULLOVER,VUORI,VW2084,1FD2F59B,,
CHQ-2290076-7,7/28/2026,7/28/2026,3984741,VW2084,6110303059,VW2084 - US KNIT WOMEN MAN-MADE OTHER PULLOVER,VUORI,VW2084,1FD2F59B,,
CHQ-2290076-7,7/28/2026,7/28/2026,3984741,VW2084,6110303059,VW2084 - US KNIT WOMEN MAN-MADE OTHER PULLOVER,VUORI,VW2084,1FD2F59B,,
CHQ-2293272-9,8/4/2026,8/4/2026,4025214,V1099,6105202010,"V1099 - US KNIT MEN MAN-MADE BUTTON DOWN SHIRTS, POLOS",VUORI,V1099,087EE3C7,,
CHQ-2293272-9,8/4/2026,8/4/2026,4025214,VW1639,6110301560,VW1639 - WOMENS KNIT L/S HALO DOUBLE ZIP TOP 89% RECYCLED POLYESTER 11,VUORI,VW1639,6AA3B75C,,
CHQ-2293272-9,8/4/2026,8/4/2026,4025214,VW1612,6109901065,VW1612 - WOMENS KNIT POSE HALTER 87% MODAL RAYON 13% ELASTANE,VUORI,VW1612,7465F6C6,,
CHQ-2293272-9,8/4/2026,8/4/2026,4025214,VW1639,6110301560,VW1639 - WOMENS KNIT L/S HALO DOUBLE ZIP TOP 89% RECYCLED POLYESTER 11,VUORI,VW1639,6AA3B75C,,
CHQ-2293272-9,8/4/2026,8/4/2026,4025214,VW2084,6110303059,VW2084 - US KNIT WOMEN MAN-MADE OTHER PULLOVER,VUORI,VW2084,1FD2F59B,,
CHQ-2293272-9,8/4/2026,8/4/2026,4025214,,6110303045,VW2084-L - US KNIT WOMEN MAN-MADE SWEATSHIRT,VUORI,VW2084,48692A4F,,
CHQ-2293311-5,8/4/2026,8/4/2026,3984761,,6110303041,V2058 - MEN'S 71% RECYCLED POLYESTER + 26% LYOCELL + 3% SPANDEX KNITTE,VUORI,V2058,3721BCE8,,
CHQ-2293311-5,8/4/2026,8/4/2026,3984761,,6110303059,VW1609 - WOMENS KNIT L/S HALO V-NECK CARDIGAN 89% RECYCLED POLYESTER 1,VUORI,VW1609,139996B6,,
CHQ-2293323-0,8/4/2026,8/4/2026,4007382,VW1643,6212109020,VW1643 - WOMEN'S KNIT DAILY LAYERED BRA,VUORI,VW1643,D335218E,,
CHQ-2293323-0,8/4/2026,8/4/2026,4007382,VW1643,6212109020,VW1643 - WOMEN'S KNIT DAILY LAYERED BRA,VUORI,VW1643,D335218E,,
CHQ-2293323-0,8/4/2026,8/4/2026,4007382,VW1643,6212109020,VW1643 - WOMEN'S KNIT DAILY LAYERED BRA,VUORI,VW1643,D335218E,,
CHQ-2293323-0,8/4/2026,8/4/2026,4007382,VW1643,6212109020,VW1643 - WOMEN'S KNIT DAILY LAYERED BRA,VUORI,VW1643,D335218E,,
CHQ-2293323-0,8/4/2026,8/4/2026,4007382,VW1643,6212109020,VW1643 - WOMEN'S KNIT DAILY LAYERED BRA,VUORI,VW1643,D335218E,,
CHQ-2293323-0,8/4/2026,8/4/2026,4007382,VW1643,6212109020,VW1643 - WOMEN'S KNIT DAILY LAYERED BRA,VUORI,VW1643,D335218E,,
CHQ-2293323-0,8/4/2026,8/4/2026,4007382,VW1643,6212109020,VW1643 - WOMEN'S KNIT DAILY LAYERED BRA,VUORI,VW1643,D335218E,,
CHQ-2293331-3,8/4/2026,8/4/2026,3989940,VW323,6104632006,VW323 - DAILY LEGGING,VUORI,VW323,94991CA5,,
CHQ-2293331-3,8/4/2026,8/4/2026,3989940,,6104632006,VW4574 - WOMEN'S KNIT DAILY TRACK LEGGING. SHELL: 72% POLYESTER 28% EL,VUORI,VW4574,FA846DFD,,
CHQ-2294302-3,8/8/2026,8/8/2026,4037469,VW1532,6114301020,VW1532 - ELEVATION SQUARE NECK CAMI,VUORI,VW1532,7A7C1FA6,,
CHQ-2295531-6,8/9/2026,8/9/2026,4076237,VW4540,6104632006,VW4540 - HALO BALLOON PANT,VUORI,VW4540,D778858E,,
CHQ-2295740-3,8/8/2026,8/8/2026,4036980,,6104632030,VW3284 - HALO SHORT,VUORI,VW3284,1A97FF71,,
CHQ-5039358-8,8/4/2026,8/4/2026,3984724,VW2084,6110303059,HALO MINI FZ HOODIE,VUORI,VW2084,1FD2F59B,,
CHQ-5039358-8,8/4/2026,8/4/2026,3984724,VW2064,6110303059,HALO MODERN FULL ZIP HOODIE,VUORI,VW2064,7D05FC43,,
CHQ-5039358-8,8/4/2026,8/4/2026,3984724,VW2084,6110303059,HALO MINI FZ HOODIE,VUORI,VW2084,1FD2F59B,,
CHQ-2297769-0,8/16/2026,8/18/2026,4001794,,6105202010,V1103 - L/S PONTO BUTTON DOWN,VUORI,V1103,0609985D,,
CHQ-2296622-2,8/12/2026,8/11/2026,4011845,V1152,6205302073,V1152 - L/S MIDWEIGHT FLANNEL SHIRT,VUORI,V1152,4FF30D51,,
CHQ-2296622-2,8/12/2026,8/11/2026,4011845,V1152,6205302073,V1152 - L/S MIDWEIGHT FLANNEL SHIRT,VUORI,V1152,4FF30D51,,
CHQ-2297769-0,8/16/2026,8/18/2026,4001794,,6101302010,V2009 - CORONADO SHIRT JACKET,VUORI,V2009,BFC5E5B2,,
CHQ-2297769-0,8/16/2026,8/18/2026,4001794,V2110,6110303053,V2110 - PONTO PULLOVER HOODIE,VUORI,V2110,C71580C8,,
CHQ-2298741-8,8/16/2026,8/17/2026,4061035,V2110,6110303053,V2110 - PONTO PULLOVER HOODIE,VUORI,V2110,C71580C8,,
CHQ-2298030-6,8/16/2026,8/19/2026,4098706,V253,6110303053,V253 - CORONADO 1/2 ZIP,VUORI,V253,629FC607,,
CHQ-2297769-0,8/16/2026,8/18/2026,4001794,V4103,6104632006,V4103 - CORONADO PANT CLASSIC FIT 30,VUORI,V4103,0C59AEE2,,
CHQ-2296907-7,8/11/2026,8/11/2026,4021062,VW1212,6109901065,VW1212 - US KNIT MEN MAN-MADE T-SHIRT,VUORI,VW1212,4B2FCEC2,,
CHQ-2296514-1,8/12/2026,8/11/2026,4004391,,6110303059,VW1263 - L/S HALO ESSENTIAL SCOOP,VUORI,VW1263,5F9EE7FD,,
CHQ-2297177-6,8/12/2026,8/11/2026,4009049,VW1375,6114301020,VW1375 - US KNIT WOMEN MAN-MADE OTHER TOPS,VUORI,VW1375,2EC9A061,,
CHQ-2297177-6,8/12/2026,8/11/2026,4009049,VW1375,6114301020,VW1375 - US KNIT WOMEN MAN-MADE OTHER TOPS,VUORI,VW1375,2EC9A061,,
CHQ-2297177-6,8/12/2026,8/11/2026,4009049,VW1375,6114301020,VW1375 - US KNIT WOMEN MAN-MADE OTHER TOPS,VUORI,VW1375,2EC9A061,,
CHQ-2294302-3,8/13/2026,8/8/2026,4037469,VW1532,6114301020,VW1532 - ELEVATION SQUARE NECK CAMI,VUORI,VW1532,7A7C1FA6,,
CHQ-2297177-6,8/12/2026,8/11/2026,4009049,VW1609,6110303059,VW1609 - WOMENS KNIT L/S HALO V-NECK CARDIGAN 89% RECYCLED POLYESTER 1,VUORI,VW1609,139996B6,,
CHQ-2297177-6,8/12/2026,8/11/2026,4009049,VW2064,6110303059,VW2064 - US KNIT WOMEN MAN-MADE OTHER PULLOVER,VUORI,VW2064,7D05FC43,,
CHQ-2297177-6,8/12/2026,8/11/2026,4009049,VW2084,6110303059,VW2084 - US KNIT WOMEN MAN-MADE OTHER PULLOVER,VUORI,VW2084,1FD2F59B,,
CHQ-2297177-6,8/12/2026,8/11/2026,4009049,VW2084,6110303059,VW2084 - US KNIT WOMEN MAN-MADE OTHER PULLOVER,VUORI,VW2084,1FD2F59B,,
CHQ-2297177-6,8/12/2026,8/11/2026,4009049,VW2084,6110303059,VW2084 - US KNIT WOMEN MAN-MADE OTHER PULLOVER,VUORI,VW2084,1FD2F59B,,
CHQ-2297177-6,8/12/2026,8/11/2026,4009049,VW2084-L,6110303045,VW2084-L - US KNIT WOMEN MAN-MADE SWEATSHIRT,VUORI,VW2084-L,48692A4F,,
CHQ-2295522-5,8/10/2026,8/8/2026,4028308,VW4540,6104632006,VW4540 - HALO BALLOON PANT,VUORI,VW4540,D778858E,,
CHQ-2295531-6,8/11/2026,8/9/2026,4076237,VW4540,6104632006,VW4540 - HALO BALLOON PANT,VUORI,VW4540,D778858E,,
CHQ-2295545-6,8/10/2026,8/9/2026,3931718,VW5085,6202402005,VW5085 - CITY RAIN TRENCH,VUORI,VW5085,26FDCFBA,,
CHQ-2295545-6,8/10/2026,8/9/2026,3931718,VW5085,6202402005,VW5085 - CITY RAIN TRENCH,VUORI,VW5085,26FDCFBA,,
CHQ-2296179-3,8/10/2026,8/9/2026,3931757,VW5085,6202402005,VW5085 - CITY RAIN TRENCH,VUORI,VW5085,26FDCFBA,,
CHQ-2295563-9,8/17/2026,8/11/2026,4063536,VW2120,6110303045,VW2120 - US KNIT WOMEN MAN-MADE SWEATSHIRT,VUORI,VW2120,01075EE8,,
CHQ-2295563-9,8/17/2026,8/11/2026,4063536,VW2120,6110303045,VW2120 - US KNIT WOMEN MAN-MADE SWEATSHIRT,VUORI,VW2120,01075EE8,,
CHQ-2295563-9,8/17/2026,8/11/2026,4063536,VW444,6104632006,VW444 - WOMENS KNIT CLEAN ELEVATION LEGGING 87%RECYCLED POLYESTER 13%E,VUORI,VW444,1380E59D,,
CHQ-2295563-9,8/17/2026,8/11/2026,4063536,VW444,6104632006,VW444 - WOMENS KNIT CLEAN ELEVATION LEGGING 87%RECYCLED POLYESTER 13%E,VUORI,VW444,1380E59D,,
CHQ-2295563-9,8/17/2026,8/11/2026,4063536,V1057,6109901007,V1057 - MENS KNIT S/S PONTO PEFORMANCE TEE 89% RECYCLED POLYESTER 11%,VUORI,V1057,2A76A947,,
CHQ-2297769-0,8/18/2026,8/18/2026,4001794,,6105202010,V1103 - L/S PONTO BUTTON DOWN,VUORI,V1103,0609985D,,
CHQ-2297769-0,8/18/2026,8/18/2026,4001794,V4103,6104632006,V4103 - CORONADO PANT CLASSIC FIT 30,VUORI,V4103,0C59AEE2,,
CHQ-2297769-0,8/18/2026,8/18/2026,4001794,,6101302010,V2009 - CORONADO SHIRT JACKET,VUORI,V2009,BFC5E5B2,,
CHQ-2297769-0,8/18/2026,8/18/2026,4001794,V2110,6110303053,V2110 - PONTO PULLOVER HOODIE,VUORI,V2110,C71580C8,,
CHQ-2298030-6,8/20/2026,8/19/2026,4098706,V253,6110303053,V253 - CORONADO 1/2 ZIP,VUORI,V253,629FC607,,
CHQ-2299084-2,8/18/2026,8/18/2026,3983488,V2039,6110303053,V2039 - MENS KNIT PONTO 1/2 ZIP MOCK NECK 89% RECYCLED POLYESTER 11% E,VUORI,V2039,7AAB21AE,,
CHQ-2299084-2,8/18/2026,8/18/2026,3983488,V2039,6110303053,V2039 - MENS KNIT PONTO 1/2 ZIP MOCK NECK 89% RECYCLED POLYESTER 11% E,VUORI,V2039,7AAB21AE,,
CHQ-2299084-2,8/18/2026,8/18/2026,3983488,VW4573,6104632006,VW4573 - HALO LOW RISE STRAIGHT LEG,VUORI,VW4573,EF4BEA89,,
CHQ-2299084-2,8/18/2026,8/18/2026,3983488,VW4573,6104632006,VW4573 - HALO LOW RISE STRAIGHT LEG,VUORI,VW4573,EF4BEA89,,
CHQ-2299094-1,8/17/2026,8/16/2026,4041092,V4103,6104632006,V4103 - CORONADO PANT CLASSIC FIT 30,VUORI,V4103,0C59AEE2,,
CHQ-2299434-9,8/18/2026,8/18/2026,4060337,V1152,6205302073,"V1152 - MEN 63% POLYESTER, 34% VISCOSE, 3% ELASTANE WOVEN L/S MIDWEIGH",VUORI,V1152,4FF30D51,,
CHQ-2299434-9,8/18/2026,8/18/2026,4060337,V1152,6205302073,"V1152 - MEN 63% POLYESTER, 34% VISCOSE, 3% ELASTANE WOVEN L/S MIDWEIGH",VUORI,V1152,4FF30D51,,
CHQ-2299468-7,8/18/2026,8/18/2026,4016836,VW1639,6110301560,VW1639 - WOMENS KNIT L/S HALO DOUBLE ZIP TOP 89% RECYCLED POLYESTER 11,VUORI,VW1639,6AA3B75C,,
CHQ-2299468-7,8/18/2026,8/18/2026,4016836,VW1639,6110301560,VW1639 - WOMENS KNIT L/S HALO DOUBLE ZIP TOP 89% RECYCLED POLYESTER 11,VUORI,VW1639,6AA3B75C,,
CHQ-2299468-7,8/18/2026,8/18/2026,4016836,VW1639,6110301560,VW1639 - WOMENS KNIT L/S HALO DOUBLE ZIP TOP 89% RECYCLED POLYESTER 11,VUORI,VW1639,6AA3B75C,,
CHQ-2299468-7,8/18/2026,8/18/2026,4016836,VW1532,6114301020,VW1532 - ELEVATION SQUARE NECK CAMI,VUORI,VW1532,7A7C1FA6,,
CHQ-2299468-7,8/18/2026,8/18/2026,4016836,VW1532,6114301020,VW1532 - ELEVATION SQUARE NECK CAMI,VUORI,VW1532,7A7C1FA6,,
CHQ-2299468-7,8/18/2026,8/18/2026,4016836,VW1532,6114301020,VW1532 - ELEVATION SQUARE NECK CAMI,VUORI,VW1532,7A7C1FA6,,
CHQ-2299468-7,8/18/2026,8/18/2026,4016836,VW1532,6114301020,VW1532 - ELEVATION SQUARE NECK CAMI,VUORI,VW1532,7A7C1FA6,,
CHQ-2299563-5,8/18/2026,8/18/2026,4027877,V2165,6110202069,V2165 - VUORI LOGO HOODIE,VUORI,V2165,855D11D7,,
CHQ-2299574-2,8/18/2026,8/18/2026,4016829,V4103,6104632006,V4103 - CORONADO PANT CLASSIC FIT 30,VUORI,V4103,0C59AEE2,,
CHQ-2299604-7,8/18/2026,8/18/2026,4001817,V2095,6105202010,"V2095 - US KNIT MEN MAN-MADE BUTTON DOWN SHIRTS, POLOS",VUORI,V2095,0FF2F391,,
CHQ-2299604-7,8/18/2026,8/18/2026,4001817,VW1469,6110303059,VW1469 - US KNIT WOMEN MAN-MADE OTHER PULLOVER,VUORI,VW1469,9D7C56E7,,
CHQ-2299604-7,8/18/2026,8/18/2026,4001817,V2009,6101302010,V2009 - US KNIT MEN MAN-MADE OUTERWEAR,VUORI,V2009,BFC5E5B2,,
CHQ-2299604-7,8/18/2026,8/18/2026,4001817,V2009,6101302010,V2009 - US KNIT MEN MAN-MADE OUTERWEAR,VUORI,V2009,BFC5E5B2,,
CHQ-2299604-7,8/18/2026,8/18/2026,4001817,V2009,6101302010,V2009 - US KNIT MEN MAN-MADE OUTERWEAR,VUORI,V2009,BFC5E5B2,,
CHQ-2299604-7,8/18/2026,8/18/2026,4001817,V2009,6101302010,V2009 - US KNIT MEN MAN-MADE OUTERWEAR,VUORI,V2009,BFC5E5B2,,
CHQ-2299604-7,8/18/2026,8/18/2026,4001817,V2022,6105202010,V2022 - L/S CORONADO HENLEY - RELAXED,VUORI,V2022,D0457D5B,,
CHQ-2299604-7,8/18/2026,8/18/2026,4001817,V2022,6105202010,V2022 - L/S CORONADO HENLEY - RELAXED,VUORI,V2022,D0457D5B,,
CHQ-2299616-1,8/18/2026,8/18/2026,4010225,VW1609,6110303059,VW1609 - WOMENS KNIT L/S HALO V-NECK CARDIGAN 89% RECYCLED POLYESTER 1,VUORI,VW1609,139996B6,,
CHQ-2299616-1,8/18/2026,8/18/2026,4010225,VW2064,6110303059,VW2064 - US KNIT WOMEN MAN-MADE OTHER PULLOVER,VUORI,VW2064,7D05FC43,,
CHQ-2299616-1,8/18/2026,8/18/2026,4010225,VW2064,6110303059,VW2064 - US KNIT WOMEN MAN-MADE OTHER PULLOVER,VUORI,VW2064,7D05FC43,,
CHQ-2299616-1,8/18/2026,8/18/2026,4010225,VW2064,6110303059,VW2064 - US KNIT WOMEN MAN-MADE OTHER PULLOVER,VUORI,VW2064,7D05FC43,,
CHQ-2299630-2,8/18/2026,8/18/2026,4028143,V4103,6104632006,V4103 - CORONADO PANT CLASSIC FIT 30,VUORI,V4103,0C59AEE2,,
CHQ-2299699-7,8/18/2026,8/18/2026,4001839,V2071,6101302010,"V2071 - US KNIT MEN MAN-MADE COAT, JACKET",VUORI,V2071,37FAF38D,,
CHQ-2299699-7,8/18/2026,8/18/2026,4001839,V2071,6101302010,"V2071 - US KNIT MEN MAN-MADE COAT, JACKET",VUORI,V2071,37FAF38D,,
CHQ-2299699-7,8/18/2026,8/18/2026,4001839,V2119,6110303041,V2119 - MENS KNIT PONTO PERFORMANCE CREW 2.0 89% RECYCLED POLYESTER 11,VUORI,V2119,B834083B,,
CHQ-2299699-7,8/18/2026,8/18/2026,4001839,V2119,6110303041,V2119 - MENS KNIT PONTO PERFORMANCE CREW 2.0 89% RECYCLED POLYESTER 11,VUORI,V2119,B834083B,,
CHQ-2299699-7,8/18/2026,8/18/2026,4001839,V2119,6110303041,V2119 - MENS KNIT PONTO PERFORMANCE CREW 2.0 89% RECYCLED POLYESTER 11,VUORI,V2119,B834083B,,
CHQ-2299699-7,8/18/2026,8/18/2026,4001839,V2119,6110303041,V2119 - MENS KNIT PONTO PERFORMANCE CREW 2.0 89% RECYCLED POLYESTER 11,VUORI,V2119,B834083B,,
CHQ-2299721-9,8/18/2026,8/18/2026,4016833,V1099,6105202010,"V1099 - US KNIT MEN MAN-MADE BUTTON DOWN SHIRTS, POLOS",VUORI,V1099,087EE3C7,,
CHQ-2299721-9,8/18/2026,8/18/2026,4016833,V4103,6104632006,V4103 - CORONADO PANT CLASSIC FIT 30,VUORI,V4103,0C59AEE2,,
CHQ-2299721-9,8/18/2026,8/18/2026,4016833,V2022,6105202010,V2022 - L/S CORONADO HENLEY - RELAXED,VUORI,V2022,D0457D5B,,
CHQ-2300261-3,8/18/2026,8/18/2026,4022433,VW444,6104632006,VW444 - CLEAN ELEVATION LEGGING,VUORI,VW444,1380E59D,,
CHQ-2300261-3,8/18/2026,8/18/2026,4022433,V2039,6110303053,V2039 - PONTO 1/2 ZIP MOCK NECK,VUORI,V2039,7AAB21AE,,
CHQ-2300261-3,8/18/2026,8/18/2026,4022433,V1071,6110303053,V1071 - MENS KNIT L/S PONTO PERFORMANCE TEE 89% RECYCLED POLYESTER 11%,VUORI,V1071,B78A220A,,
CHQ-2300261-3,8/18/2026,8/18/2026,4022433,,6109901050,VW1219 - S/S HALO BABY TEE,VUORI,VW1219,DECB07A8,,
CHQ-2300261-3,8/18/2026,8/18/2026,4022433,,6104632006,VW4463 - HALO EASY WIDELEG PANT,VUORI,VW4463,E1CA1B56,,
CHQ-2300295-1,8/19/2026,8/19/2026,4109130,VW2064,6110303059,VW2064 - HALO MODERN FULL ZIP HOODIE,VUORI,VW2064,7D05FC43,,
CHQ-2300316-5,8/19/2026,8/19/2026,4109143,VW2064,6110303059,VW2064 - HALO MODERN FULL ZIP HOODIE,VUORI,VW2064,7D05FC43,,
CHQ-2300327-2,8/20/2026,8/16/2026,4098654,,6109901050,VW1219 - S/S HALO BABY TEE,VUORI,VW1219,DECB07A8,,
CHQ-2300891-7,8/20/2026,8/18/2026,4059211,V1152,6205302073,"V1152 - MEN 63% POLYESTER, 34% VISCOSE, 3% ELASTANE WOVEN L/S MIDWEIGH",VUORI,V1152,4FF30D51,,
CHQ-2300891-7,8/20/2026,8/18/2026,4059211,,6109908010,V1211 - S/S MERINO WOOL TEE 2.0,VUORI,V1211,568D608B,,
CHQ-2302040-9,8/22/2026,8/22/2026,4083302,V4103,6103431520,V4103 - CORONADO PANT CLASSIC FIT 30,VUORI,V4103,0C59AEE2,,
CHQ-2302041-7,8/22/2026,8/22/2026,4083088,V4103,6103431520,V4103 - CORONADO PANT CLASSIC FIT 30,VUORI,V4103,0C59AEE2,,
CHQ-2302144-9,8/23/2026,8/23/2026,4083079,V4103,6103431520,V4103 - CORONADO PANT CLASSIC FIT 30,VUORI,V4103,0C59AEE2,,
CHQ-2302149-8,8/23/2026,8/24/2026,4024971,,6110202069,V2164 - VUORI LOGO CREW,VUORI,V2164,29F686B1,,
CHQ-2302152-2,8/23/2026,8/24/2026,4010236,,6212109020,VW1326 - HALO TRIANGLE BRA,VUORI,VW1326,97973769,,
CHQ-2302152-2,8/23/2026,8/24/2026,4010236,,6110303059,VW2084 - HALO MINI FZ HOODIE,VUORI,VW2084,1FD2F59B,,
CHQ-2295563-9,8/25/2026,8/11/2026,4063536,V1057,6109901007,V1057 - MENS KNIT S/S PONTO PEFORMANCE TEE 89% RECYCLED POLYESTER 11%,VUORI,V1057,2A76A947,,
CHQ-2302830-3,8/25/2026,8/25/2026,3981817,V1057,6109901007,V1057 - S/S PONTO PERFORMANCE TEE,VUORI,V1057,2A76A947,,
CHQ-2302830-3,8/25/2026,8/25/2026,3981817,V1057,6109901007,V1057 - S/S PONTO PERFORMANCE TEE,VUORI,V1057,2A76A947,,
CHQ-2302830-3,8/25/2026,8/25/2026,3981817,V1071,6110303053,V1071 - V1071 LS PONTO PERFORMANCE TEE,VUORI,V1071,B78A220A,,
CHQ-2302800-6,8/25/2026,8/25/2026,4073791,V1211,6109908010,V1211 - S/S MERINO WOOL TEE 2.0,VUORI,V1211,568D608B,,
CHQ-2302795-8,8/25/2026,8/25/2026,4036392,V2022,6105202010,V2022 - L/S CORONADO HENLEY - RELAXED,VUORI,V2022,D0457D5B,,
CHQ-2301948-4,8/25/2026,8/25/2026,3986894,V2039,6110303053,V2039 - PONTO 1/2 ZIP MOCK NECK,VUORI,V2039,7AAB21AE,,
CHQ-2301964-1,8/25/2026,8/25/2026,4032140,V2039,6110303053,V2039 - MENS KNIT PONTO 1/2 ZIP MOCK NECK 89% RECYCLED POLYESTER 11% E,VUORI,V2039,7AAB21AE,,
CHQ-5047595-5,8/30/2026,9/1/2026,4073454,V2044,6110303041,BEACH FLEECE CREW,VUORI,V2044,855769B2,,
CHQ-5047595-5,8/30/2026,9/1/2026,4073454,V2044,6110303041,BEACH FLEECE CREW,VUORI,V2044,855769B2,,
CHQ-5047595-5,8/30/2026,9/1/2026,4073454,V2071,6101302010,CORONADO FZ HOODIE 2.0,VUORI,V2071,37FAF38D,,
CHQ-2302767-7,8/25/2026,8/25/2026,4036357,V2110,6110303053,V2110 - MENS KNIT PONTO PULLOVER HOODIE 89% RECYCLED POLYESTER 11%ELAS,VUORI,V2110,C71580C8,,
CHQ-2302149-8,8/25/2026,8/24/2026,4024971,,6110202069,V2164 - VUORI LOGO CREW,VUORI,V2164,29F686B1,,
CHQ-2302830-3,8/25/2026,8/25/2026,3981817,V224,6110303041,V224 - MENS KNIT PONTO PERFORMANCE CREW 89%RECYCLED POLYESTER 11% ELAS,VUORI,V224,79AC4C47,,
CHQ-2302830-3,8/25/2026,8/25/2026,3981817,V224,6110303041,V224 - MENS KNIT PONTO PERFORMANCE CREW 89%RECYCLED POLYESTER 11% ELAS,VUORI,V224,79AC4C47,,
CHQ-2302830-3,8/25/2026,8/25/2026,3981817,V224,6110303041,V224 - MENS KNIT PONTO PERFORMANCE CREW 89%RECYCLED POLYESTER 11% ELAS,VUORI,V224,79AC4C47,,
CHQ-2302830-3,8/25/2026,8/25/2026,3981817,V224,6110303041,V224 - MENS KNIT PONTO PERFORMANCE CREW 89%RECYCLED POLYESTER 11% ELAS,VUORI,V224,79AC4C47,,
CHQ-2301948-4,8/25/2026,8/25/2026,3986894,,6110303053,V253 - MENS KNIT CORONADO 1/2 ZIP 87% RECYCLED POLYESTER 13% ELASTANE,VUORI,V253,629FC607,,
CHQ-2301985-6,8/25/2026,8/25/2026,3986911,,6110303053,V253 - MENS KNIT CORONADO 1/2 ZIP 87% RECYCLED POLYESTER 13% ELASTANE,VUORI,V253,629FC607,,
CHQ-2302795-8,8/25/2026,8/25/2026,4036392,V4103,6103431520,V4103 - CORONADO PANT CLASSIC FIT 30,VUORI,V4103,0C59AEE2,,
CHQ-2302795-8,8/25/2026,8/25/2026,4036392,V8137,6108920030,V8137 - DREAMKNIT ROBE,VUORI,V8137,7CF90036,,
CHQ-2301948-4,8/25/2026,8/25/2026,3986894,,6109901065,VW1212 - HALO ESSENTIAL SCOOP TANK,VUORI,VW1212,4B2FCEC2,,
CHQ-2301985-6,8/25/2026,8/25/2026,3986911,,6109901065,VW1212 - HALO ESSENTIAL SCOOP TANK,VUORI,VW1212,4B2FCEC2,,
CHQ-2302017-7,8/25/2026,8/25/2026,3986889,,6109901065,VW1212 - HALO ESSENTIAL SCOOP TANK,VUORI,VW1212,4B2FCEC2,,
CHQ-2301948-4,8/25/2026,8/25/2026,3986894,,6109901050,VW1219 - S/S HALO BABY TEE,VUORI,VW1219,DECB07A8,,
CHQ-2301964-1,8/25/2026,8/25/2026,4032140,VW1219,6109901050,VW1219 - WOMENS KNIT S/S HALO BABY TEE 89%RECYCLED POLYESTER 11%ELASTA,VUORI,VW1219,DECB07A8,,
CHQ-2301985-6,8/25/2026,8/25/2026,3986911,VW1219,6109901050,VW1219 - S/S HALO BABY TEE,VUORI,VW1219,DECB07A8,,
CHQ-2302017-7,8/25/2026,8/25/2026,3986889,,6109901050,VW1219 - S/S HALO BABY TEE,VUORI,VW1219,DECB07A8,,
CHQ-2302152-2,8/25/2026,8/24/2026,4010236,,6212109020,VW1326 - HALO TRIANGLE BRA,VUORI,VW1326,97973769,,
CHQ-2302743-8,8/25/2026,8/25/2026,4036367,VW1326,6212109020,VW1326 - WOMENS KNIT HALO TRIANGLE BRA 89% RECYCLED POLYESTER 11% ELAS,VUORI,VW1326,97973769,,
CHQ-2302743-8,8/25/2026,8/25/2026,4036367,VW1326,6212109020,VW1326 - WOMENS KNIT HALO TRIANGLE BRA 89% RECYCLED POLYESTER 11% ELAS,VUORI,VW1326,97973769,,
CHQ-2302743-8,8/25/2026,8/25/2026,4036367,VW1326,6212109020,VW1326 - WOMENS KNIT HALO TRIANGLE BRA 89% RECYCLED POLYESTER 11% ELAS,VUORI,VW1326,97973769,,
CHQ-2303198-4,8/28/2026,8/27/2026,4093509,VW1326,6212109020,VW1326 - HALO TRIANGLE BRA,VUORI,VW1326,97973769,,
CHQ-2303198-4,8/28/2026,8/27/2026,4093509,VW1326,6212109020,VW1326 - HALO TRIANGLE BRA,VUORI,VW1326,97973769,,
CHQ-2305084-4,8/30/2026,8/30/2026,4096504,VW1326,6212109020,VW1326 - HALO TRIANGLE BRA,VUORI,VW1326,97973769,,
CHQ-2302743-8,8/25/2026,8/25/2026,4036367,VW1555,6110303059,VW1555 - WOMENS KNIT L/S HALO FITTED HOODIE 89% RECYCLED POLYESTER 11%,VUORI,VW1555,D311C505,,
CHQ-2302743-8,8/25/2026,8/25/2026,4036367,VW1555,6110303059,VW1555 - WOMENS KNIT L/S HALO FITTED HOODIE 89% RECYCLED POLYESTER 11%,VUORI,VW1555,D311C505,,
CHQ-2304463-1,8/30/2026,8/29/2026,3981770,VW2041,6110303045,VW2041 - HALO MODERN PULLOVER HOODIE,VUORI,VW2041,2A0925BF,,
CHQ-2302487-2,8/24/2026,8/23/2026,4109117,VW2064,6110303059,VW2064 - HALO MODERN FULL ZIP HOODIE,VUORI,VW2064,7D05FC43,,
CHQ-2302767-7,8/25/2026,8/25/2026,4036357,VW2064,6110303059,VW2064 - WOMENS KNIT HALO MODERN FULL ZIP HOODIE 89% RECYCLED POLYESTE,VUORI,VW2064,7D05FC43,,
CHQ-2302152-2,8/25/2026,8/24/2026,4010236,,6110303059,VW2084 - HALO MINI FZ HOODIE,VUORI,VW2084,1FD2F59B,,
CHQ-2302743-8,8/25/2026,8/25/2026,4036367,VW2084,6110303059,VW2084 - WOMENS KNIT HALO MINI FZ HOODIE 89% RECYCLED POLYESTER 11% EL,VUORI,VW2084,1FD2F59B,,
CHQ-2302743-8,8/25/2026,8/25/2026,4036367,VW2084,6110303059,VW2084 - WOMENS KNIT HALO MINI FZ HOODIE 89% RECYCLED POLYESTER 11% EL,VUORI,VW2084,1FD2F59B,,
CHQ-2302743-8,8/25/2026,8/25/2026,4036367,VW2084,6110303059,VW2084 - WOMENS KNIT HALO MINI FZ HOODIE 89% RECYCLED POLYESTER 11% EL,VUORI,VW2084,1FD2F59B,,
CHQ-2302767-7,8/25/2026,8/25/2026,4036357,VW2084,6110303059,VW2084 - WOMENS KNIT HALO MINI FZ HOODIE 89% RECYCLED POLYESTER 11% EL,VUORI,VW2084,1FD2F59B,,
CHQ-2302767-7,8/25/2026,8/25/2026,4036357,VW2084,6110303059,VW2084 - WOMENS KNIT HALO MINI FZ HOODIE 89% RECYCLED POLYESTER 11% EL,VUORI,VW2084,1FD2F59B,,
CHQ-2302767-7,8/25/2026,8/25/2026,4036357,VW2084,6110303059,VW2084 - WOMENS KNIT HALO MINI FZ HOODIE 89% RECYCLED POLYESTER 11% EL,VUORI,VW2084,1FD2F59B,,
CHQ-2302743-8,8/25/2026,8/25/2026,4036367,VW2084-L,6110303045,VW2084-L - WOMENS KNIT HALO MINI FZ HOODIE - LONG 89% RECYCLED POLYEST,VUORI,VW2084-L,48692A4F,,
CHQ-2295563-9,8/25/2026,8/11/2026,4063536,VW2120,6110303045,VW2120 - US KNIT WOMEN MAN-MADE SWEATSHIRT,VUORI,VW2120,01075EE8,,
CHQ-2295563-9,8/25/2026,8/11/2026,4063536,VW2120,6110303045,VW2120 - US KNIT WOMEN MAN-MADE SWEATSHIRT,VUORI,VW2120,01075EE8,,
CHQ-2304463-1,8/30/2026,8/29/2026,3981770,,6110303045,VW2120 - HALO MODERN CREW,VUORI,VW2120,01075EE8,,
CHQ-2303417-8,8/29/2026,8/26/2026,4016613,VW323-L,6104632006,VW323-L - DAILY LEGGING - LONG,VUORI,VW323-L,F1E259D1,,
CHQ-2303417-8,8/29/2026,8/26/2026,4016613,VW323-S,6104632006,VW323-S - DAILY LEGGING - SHORT,VUORI,VW323-S,A74B809D,,
CHQ-2302017-7,8/25/2026,8/25/2026,3986889,,6104632006,VW4190 - HALO MODERN SWEATPANT,VUORI,VW4190,BF77166A,,
CHQ-2302017-7,8/25/2026,8/25/2026,3986889,,6104632006,VW4420 - ELEVATION RHYTHM FLARE,VUORI,VW4420,86539971,,
CHQ-2295563-9,8/25/2026,8/11/2026,4063536,VW444,6104632006,VW444 - WOMENS KNIT CLEAN ELEVATION LEGGING 87%RECYCLED POLYESTER 13%E,VUORI,VW444,1380E59D,,
CHQ-2295563-9,8/25/2026,8/11/2026,4063536,VW444,6104632006,VW444 - WOMENS KNIT CLEAN ELEVATION LEGGING 87%RECYCLED POLYESTER 13%E,VUORI,VW444,1380E59D,,
CHQ-2302814-7,8/25/2026,8/25/2026,3981744,VW444,6104632006,VW444 - CLEAN ELEVATION LEGGING,VUORI,VW444,1380E59D,,
CHQ-2304463-1,8/30/2026,8/29/2026,3981770,,6104632006,VW444 - CLEAN ELEVATION LEGGING,VUORI,VW444,1380E59D,,
CHQ-2302814-7,8/25/2026,8/25/2026,3981744,,6104632006,VW4463 - HALO EASY WIDELEG PANT,VUORI,VW4463,E1CA1B56,,
CHQ-2301964-1,8/25/2026,8/25/2026,4032140,VW4540,6104632006,VW4540 - WOMENS KNIT HALO BALLOON PANT 89%RECYCLED POLYESTER 11%ELASTA,VUORI,VW4540,D778858E,,
CHQ-2302814-7,8/25/2026,8/25/2026,3981744,,6104632006,VW4569 - HALO LR SLIM FLARE RETRO PANT,VUORI,VW4569,458BA8DE,,
CHQ-2303417-8,8/29/2026,8/26/2026,4016613,VW4574,6104632006,VW4574 - DAILY TRACK LEGGING,VUORI,VW4574,FA846DFD,,
CHQ-2304150-4,9/2/2026,9/2/2026,4098685,VW4190,6104632006,VW4190 - HALO MODERN SWEATPANT,VUORI,VW4190,BF77166A,,
CHQ-2305072-9,9/1/2026,9/1/2026,4076625,V1103,6105202010,V1103 - L/S PONTO BUTTON DOWN,VUORI,V1103,0609985D,,
CHQ-2305072-9,9/1/2026,9/1/2026,4076625,V1103,6105202010,V1103 - L/S PONTO BUTTON DOWN,VUORI,V1103,0609985D,,
CHQ-2305072-9,9/1/2026,9/1/2026,4076625,VW2084-L,6110303045,VW2084-L - HALO MINI FZ HOODIE-LONG,VUORI,VW2084-L,48692A4F,,
CHQ-2305073-7,9/2/2026,9/1/2026,4075119,,6103431520,V4103 - CORONADO PANT CLASSIC FIT 30,VUORI,V4103,0C59AEE2,,
CHQ-2305073-7,9/2/2026,9/1/2026,4075119,,6101302010,V2009 - CORONADO SHIRT JACKET,VUORI,V2009,BFC5E5B2,,
CHQ-2305073-7,9/2/2026,9/1/2026,4075119,,6105202010,V1099 - S/S PONTO PERFORMANCE POLO,VUORI,V1099,087EE3C7,,
CHQ-2305073-7,9/2/2026,9/1/2026,4075119,,6101302010,V2071 - CORONADO FZ HOODIE 2.0,VUORI,V2071,37FAF38D,,
CHQ-2305073-7,9/2/2026,9/1/2026,4075119,,6110303059,VW2064 - HALO MODERN FULL ZIP HOODIE,VUORI,VW2064,7D05FC43,,
CHQ-2305073-7,9/2/2026,9/1/2026,4075119,,6110303059,VW2084 - HALO MINI FZ HOODIE,VUORI,VW2084,1FD2F59B,,
CHQ-2305661-9,9/1/2026,9/1/2026,4083835,,6110303059,VW2064 - HALO MODERN FULL ZIP HOODIE,VUORI,VW2064,7D05FC43,,
CHQ-2305661-9,9/1/2026,9/1/2026,4083835,,6110303059,VW1555 - L/S HALO FITTED HOODIE,VUORI,VW1555,D311C505,,
CHQ-2305675-9,9/1/2026,9/1/2026,4071737,,6110303041,V2058 - BEACH FLEECE PULLOVER HOODIE,VUORI,V2058,3721BCE8,,
CHQ-2305675-9,9/1/2026,9/1/2026,4071737,,6110303041,V2044 - BEACH FLEECE CREW,VUORI,V2044,855769B2,,
CHQ-2305693-2,9/1/2026,9/1/2026,4036399,V2022,6105202010,V2022 - L/S CORONADO HENLEY - RELAXED,VUORI,V2022,D0457D5B,,
CHQ-2305693-2,9/1/2026,9/1/2026,4036399,VW3284,6104632030,VW3284 - HALO SHORT,VUORI,VW3284,1A97FF71,,
CHQ-2305693-2,9/1/2026,9/1/2026,4036399,,6110303059,VW1263 - L/S HALO ESSENTIAL SCOOP,VUORI,VW1263,5F9EE7FD,,
CHQ-5047055-0,9/1/2026,9/1/2026,4036384,V2071,6101302010,CORONADO FZ HOODIE 2.0,VUORI,V2071,37FAF38D,,
CHQ-5047055-0,9/1/2026,9/1/2026,4036384,VW1326,6212109020,HALO TRIANGLE BRA,VUORI,VW1326,97973769,,
CHQ-5047055-0,9/1/2026,9/1/2026,4036384,VW1326,6212109020,HALO TRIANGLE BRA,VUORI,VW1326,97973769,,
CHQ-5047055-0,9/1/2026,9/1/2026,4036384,VW2064,6110303059,HALO MODERN FULL ZIP HOODIE,VUORI,VW2064,7D05FC43,,
CHQ-5047055-0,9/1/2026,9/1/2026,4036384,VW2064,6110303059,HALO MODERN FULL ZIP HOODIE,VUORI,VW2064,7D05FC43,,
CHQ-5047055-0,9/1/2026,9/1/2026,4036384,VW2084,6110303059,HALO MINI FZ HOODIE,VUORI,VW2084,1FD2F59B,,
CHQ-5047055-0,9/1/2026,9/1/2026,4036384,VW2084-L,6110303045,HALO MINI FZ HOODIE-LONG,VUORI,VW2084-L,48692A4F,,
CHQ-5047055-0,9/1/2026,9/1/2026,4036384,VW2084-L,6110303045,HALO MINI FZ HOODIE-LONG,VUORI,VW2084-L,48692A4F,,
CHQ-5047595-5,9/1/2026,9/1/2026,4073454,V2071,6101302010,CORONADO FZ HOODIE 2.0,VUORI,V2071,37FAF38D,,
CHQ-5047595-5,9/1/2026,9/1/2026,4073454,V2044,6110303041,BEACH FLEECE CREW,VUORI,V2044,855769B2,,
CHQ-5047595-5,9/1/2026,9/1/2026,4073454,V2044,6110303041,BEACH FLEECE CREW,VUORI,V2044,855769B2,,
CHQ-5047610-2,9/1/2026,9/1/2026,4076633,V1103,6105202010,L/S PONTO BUTTON DOWN,VUORI,V1103,0609985D,,
CHQ-5047610-2,9/1/2026,9/1/2026,4076633,V2095,6105202010,L/S CORONADO RUGBY,VUORI,V2095,0FF2F391,,
CHQ-5047610-2,9/1/2026,9/1/2026,4076633,VW1532,6114301020,ELEVATION SQUARE NECK CAMI,VUORI,VW1532,7A7C1FA6,,
CHQ-5047610-2,9/1/2026,9/1/2026,4076633,VW1532,6114301020,ELEVATION SQUARE NECK CAMI,VUORI,VW1532,7A7C1FA6,,
CHQ-5047610-2,9/1/2026,9/1/2026,4076633,VW2084-L,6110303045,HALO MINI FZ HOODIE-LONG,VUORI,VW2084-L,48692A4F,,
CHQ-5047733-2,9/1/2026,9/1/2026,4080383,VW1555,6110303059,L/S HALO FITTED HOODIE,VUORI,VW1555,D311C505,,
CHQ-5048553-3,9/4/2026,9/4/2026,4011854,V1152,6205302073,L/S MIDWEIGHT FLANNEL SHIRT,VUORI,V1152,4FF30D51,,
CHQ-5048553-3,9/4/2026,9/4/2026,4011854,V1152,6205302073,L/S MIDWEIGHT FLANNEL SHIRT,VUORI,V1152,4FF30D51,,
CHQ-5048553-3,9/4/2026,9/4/2026,4011854,V1152,6205302073,L/S MIDWEIGHT FLANNEL SHIRT,VUORI,V1152,4FF30D51,,
CHQ-5048553-3,9/4/2026,9/4/2026,4011854,V1152,6205302073,L/S MIDWEIGHT FLANNEL SHIRT,VUORI,V1152,4FF30D51,,
CHQ-5048553-3,9/4/2026,9/4/2026,4011854,V1152,6205302073,L/S MIDWEIGHT FLANNEL SHIRT,VUORI,V1152,4FF30D51,,
CHQ-5048697-8,9/1/2026,9/1/2026,3986904,V253,6110303053,CORONADO 1/2 ZIP,VUORI,V253,629FC607,,
CHQ-5048697-8,9/1/2026,9/1/2026,3986904,V253,6110303053,CORONADO 1/2 ZIP,VUORI,V253,629FC607,,
CHQ-5048697-8,9/1/2026,9/1/2026,3986904,V1057,6109901007,S/S PONTO PERFORMANCE TEE,VUORI,V1057,2A76A947,,
CHQ-5048697-8,9/1/2026,9/1/2026,3986904,V2039,6110303053,PONTO 1/2 ZIP MOCK NECK,VUORI,V2039,7AAB21AE,,
CHQ-5048697-8,9/1/2026,9/1/2026,3986904,V2039,6110303053,PONTO 1/2 ZIP MOCK NECK,VUORI,V2039,7AAB21AE,,
CHQ-5048697-8,9/1/2026,9/1/2026,3986904,V2039,6110303053,PONTO 1/2 ZIP MOCK NECK,VUORI,V2039,7AAB21AE,,
CHQ-5048697-8,9/1/2026,9/1/2026,3986904,V2039,6110303053,PONTO 1/2 ZIP MOCK NECK,VUORI,V2039,7AAB21AE,,
CHQ-5049390-9,9/1/2026,9/1/2026,4032206,VW2041,6110303045,HALO MODERN PULLOVER HOODIE,VUORI,VW2041,2A0925BF,,
CHQ-5049390-9,9/1/2026,9/1/2026,4032206,VW4540,6104632006,HALO BALLOON PANT,VUORI,VW4540,D778858E,,
CHQ-5049390-9,9/1/2026,9/1/2026,4032206,VW4540,6104632006,HALO BALLOON PANT,VUORI,VW4540,D778858E,,
CHQ-5049390-9,9/1/2026,9/1/2026,4032206,VW4540,6104632006,HALO BALLOON PANT,VUORI,VW4540,D778858E,,
CHQ-5049390-9,9/1/2026,9/1/2026,4032206,VW4463,6104632006,HALO EASY WIDELEG PANT,VUORI,VW4463,E1CA1B56,,
CHQ-5049390-9,9/1/2026,9/1/2026,4032206,VW4463,6104632006,HALO EASY WIDELEG PANT,VUORI,VW4463,E1CA1B56,,
CHQ-5049390-9,9/1/2026,9/1/2026,4032206,VW4463-L,6104632006,HALO EASY WIDELEG PANT - LONG,VUORI,VW4463-L,33C39C8C,,
CHQ-5049687-8,9/1/2026,9/1/2026,4053665,V2165,6110202069,VUORI LOGO HOODIE,VUORI,V2165,855D11D7,,
CHQ-5049687-8,9/1/2026,9/1/2026,4053665,V2165,6110202069,VUORI LOGO HOODIE,VUORI,V2165,855D11D7,,
CHQ-5049687-8,9/1/2026,9/1/2026,4053665,V2165,6110202069,VUORI LOGO HOODIE,VUORI,V2165,855D11D7,,
CHQ-5049687-8,9/1/2026,9/1/2026,4053665,V2164,6110202069,VUORI LOGO CREW,VUORI,V2164,29F686B1,,
CHQ-5049687-8,9/1/2026,9/1/2026,4053665,V2164,6110202069,VUORI LOGO CREW,VUORI,V2164,29F686B1,,
CHQ-5049687-8,9/1/2026,9/1/2026,4053665,V2164,6110202069,VUORI LOGO CREW,VUORI,V2164,29F686B1,,
CHQ-5049688-6,9/1/2026,9/1/2026,4019779,V2009,6101302010,CORONADO SHIRT JACKET,VUORI,V2009,BFC5E5B2,,
CHQ-5049688-6,9/1/2026,9/1/2026,4019779,V2009,6101302010,CORONADO SHIRT JACKET,VUORI,V2009,BFC5E5B2,,
CHQ-5049688-6,9/1/2026,9/1/2026,4019779,V2009,6101302010,CORONADO SHIRT JACKET,VUORI,V2009,BFC5E5B2,,
CHQ-5049688-6,9/1/2026,9/1/2026,4019779,V1103,6105202010,L/S PONTO BUTTON DOWN,VUORI,V1103,0609985D,,
CHQ-5049688-6,9/1/2026,9/1/2026,4019779,V1103,6105202010,L/S PONTO BUTTON DOWN,VUORI,V1103,0609985D,,
CHQ-5049688-6,9/1/2026,9/1/2026,4019779,V1103,6105202010,L/S PONTO BUTTON DOWN,VUORI,V1103,0609985D,,
CHQ-5049688-6,9/1/2026,9/1/2026,4019779,V1103,6105202010,L/S PONTO BUTTON DOWN,VUORI,V1103,0609985D,,
CHQ-5049688-6,9/1/2026,9/1/2026,4019779,V1103,6105202010,L/S PONTO BUTTON DOWN,VUORI,V1103,0609985D,,
CHQ-5049688-6,9/1/2026,9/1/2026,4019779,V1103,6105202010,L/S PONTO BUTTON DOWN,VUORI,V1103,0609985D,,
CHQ-5049688-6,9/1/2026,9/1/2026,4019779,V1099,6105202010,S/S PONTO PERFORMANCE POLO,VUORI,V1099,087EE3C7,,
CHQ-5049688-6,9/1/2026,9/1/2026,4019779,V2022,6105202010,L/S CORONADO HENLEY - RELAXED,VUORI,V2022,D0457D5B,,
CHQ-5049688-6,9/1/2026,9/1/2026,4019779,V2022,6105202010,L/S CORONADO HENLEY - RELAXED,VUORI,V2022,D0457D5B,,
CHQ-5049689-4,9/1/2026,9/1/2026,4019909,V2119,6110303041,PONTO PERFORMANCE CREW 2.0,VUORI,V2119,B834083B,,
CHQ-5049689-4,9/1/2026,9/1/2026,4019909,V2119,6110303041,PONTO PERFORMANCE CREW 2.0,VUORI,V2119,B834083B,,
CHQ-5049689-4,9/1/2026,9/1/2026,4019909,V2119,6110303041,PONTO PERFORMANCE CREW 2.0,VUORI,V2119,B834083B,,
CHQ-5049689-4,9/1/2026,9/1/2026,4019909,V2119,6110303041,PONTO PERFORMANCE CREW 2.0,VUORI,V2119,B834083B,,
CHQ-5049689-4,9/1/2026,9/1/2026,4019909,V2119,6110303041,PONTO PERFORMANCE CREW 2.0,VUORI,V2119,B834083B,,
CHQ-5049689-4,9/1/2026,9/1/2026,4019909,VW1469,6110303059,L/S HALO ESSENTIAL CREW TEE,VUORI,VW1469,9D7C56E7,,
CHQ-5049689-4,9/1/2026,9/1/2026,4019909,VW1469,6110303059,L/S HALO ESSENTIAL CREW TEE,VUORI,VW1469,9D7C56E7,,
CHQ-5049689-4,9/1/2026,9/1/2026,4019909,VW1469,6110303059,L/S HALO ESSENTIAL CREW TEE,VUORI,VW1469,9D7C56E7,,
CHQ-5050277-4,9/7/2026,9/11/2026,4068825,VW4574,6104632006,DAILY TRACK LEGGING,VUORI,VW4574,5973DF1B,,
CHQ-5050815-1,9/7/2026,9/11/2026,4080952,VW1643,6212109020,DAILY LAYERED BRA,VUORI,VW1643,D335218E,,
CHQ-5051277-3,9/7/2026,9/11/2026,4087669,VW4574,6104632006,DAILY TRACK LEGGING,VUORI,VW4574,5973DF1B,,
CHQ-5051570-1,9/8/2026,9/7/2026,4109663,V4103,6103431520,CORONADO PANT CLASSIC FIT 30,VUORI,V4103,0C59AEE2,,
CHQ-5051571-9,9/8/2026,9/7/2026,4109658,V4103,6103431520,CORONADO PANT CLASSIC FIT 30,VUORI,V4103,0C59AEE2,,
