Supplier Portal Key,T2 Supplier Name,Original T2 Values,Article Count,Mapped Article Count,Unmapped Article Count,Supplier Detail URL,Connection Status,Supplier Status,ALL Folder Evidence,Parent Workspace Rule
ADVANCE SICO,ADVANCE SICO,Advance SICO-Vietnam,1,1,0,supplier-detail.html?supplier=ADVANCE%20SICO,Connected via Parent Supplier Crosswalk,Active,Verified in ALL inventory,One parent supplier = one workspace
UNIFIELD,UNIFIELD,Unifield - 2027 | Unifield China | Unifield-CN | Unifield-China | Unifield-Quote | Unifield-Unifield China,21,21,0,supplier-detail.html?supplier=UNIFIELD,Connected via Parent Supplier Crosswalk,Active,Verified in ALL inventory,One parent supplier = one workspace
ALPINE / PARADISE,ALPINE / PARADISE,Alpine / Paradise,0,0,0,supplier-detail.html?supplier=ALPINE%20%2F%20PARADISE,Active - no Fabric Records yet,Active,Pending ALL source verification,One parent supplier = one workspace
ANITA,ANITA,Anita-CN | Anita-China,9,9,0,supplier-detail.html?supplier=ANITA,Connected via Parent Supplier Crosswalk,Active,Verified in ALL inventory,One parent supplier = one workspace
ARCH,ARCH,Arch,0,0,0,supplier-detail.html?supplier=ARCH,Active - testing master available,Active,Verified in ALL inventory,One parent supplier = one workspace
ARTISTIC MILLINERS,ARTISTIC MILLINERS,Artistic Milliners-Pakistan,5,0,5,supplier-detail.html?supplier=ARTISTIC%20MILLINERS,Connected via Parent Supplier Crosswalk,Active,Verified in ALL inventory,One parent supplier = one workspace
ASI,ASI,ASI,0,0,0,supplier-detail.html?supplier=ASI,Active - testing master available,Active,Verified in ALL inventory,One parent supplier = one workspace
ASMARA,ASMARA,Asmara-Vietnam | Asmara International Limited - Vietnam-PPJ | Asmara International Limited - Vietnam-Sinnika,3,0,3,supplier-detail.html?supplier=ASMARA,Connected via Parent Supplier Crosswalk,Active,Verified in ALL inventory,One parent supplier = one workspace
BEST PACIFIC,BEST PACIFIC,Best Pacific-CN | Best Pacific-CN SP27 | Best Pacific-China | Best Pacific-Quote,5,5,0,supplier-detail.html?supplier=BEST%20PACIFIC,Connected via Parent Supplier Crosswalk,Active,Verified in ALL inventory,One parent supplier = one workspace
CARVICO,CARVICO,Carvico-Italy,1,1,0,supplier-detail.html?supplier=CARVICO,Connected via Parent Supplier Crosswalk,Active,Verified in ALL inventory,One parent supplier = one workspace
CHAINTEX,CHAINTEX,Chaintex Limited-CN,2,2,0,supplier-detail.html?supplier=CHAINTEX,Connected via Parent Supplier Crosswalk,Active,Verified in ALL inventory,One parent supplier = one workspace
CHIA HER,CHIA HER,Chia Her-Taiwan,1,1,0,supplier-detail.html?supplier=CHIA%20HER,Connected via Parent Supplier Crosswalk,Active,Verified in ALL inventory,One parent supplier = one workspace
CONSINEE,CONSINEE,Consinee,0,0,0,supplier-detail.html?supplier=CONSINEE,Active - no Fabric Records yet,Active,Pending ALL source verification,One parent supplier = one workspace
DELICACY,DELICACY,Delicacy-Taiwan,2,2,0,supplier-detail.html?supplier=DELICACY,Connected via Parent Supplier Crosswalk,Active,Verified in ALL inventory,One parent supplier = one workspace
DELTA,DELTA,Delta,0,0,0,supplier-detail.html?supplier=DELTA,Active - testing master available,Active,Verified in ALL inventory,One parent supplier = one workspace
ECLAT,ECLAT,Eclat - Taiwan | Eclat - Taiwan - FA26 | Eclat - Taiwan FA26 | Eclat - Taiwan-FA26 | Eclat-Eclat Taiwan | Eclat-Quote | Eclat-TW | Eclat-Taiwan | Eclat-Taiwan-SP25/FA25,16,14,2,supplier-detail.html?supplier=ECLAT,Connected via Parent Supplier Crosswalk,Active,Verified in ALL inventory,One parent supplier = one workspace
EKOTEN,EKOTEN,Ekoten,0,0,0,supplier-detail.html?supplier=EKOTEN,Active - no Fabric Records yet,Active,Pending ALL source verification,One parent supplier = one workspace
EURO JERSEY,EURO JERSEY,Euro Jersey-Italy,2,2,0,supplier-detail.html?supplier=EURO%20JERSEY,Connected via Parent Supplier Crosswalk,Active,Verified in ALL inventory,One parent supplier = one workspace
EVEREST,EVEREST,Everest - Fabric-Quote | Everest - Taiwan SP26/FA26 | Everest-Taiwan,6,5,1,supplier-detail.html?supplier=EVEREST,Connected via Parent Supplier Crosswalk,Active,Verified in ALL inventory,One parent supplier = one workspace
FAR EASTERN,FAR EASTERN,Far Eastern-TW,1,1,0,supplier-detail.html?supplier=FAR%20EASTERN,Connected via Parent Supplier Crosswalk,Active,Verified in ALL inventory,One parent supplier = one workspace
FLEXFIT,FLEXFIT,Flexfit,0,0,0,supplier-detail.html?supplier=FLEXFIT,Active - no Fabric Records yet,Active,Pending ALL source verification,One parent supplier = one workspace
FORMOSA,FORMOSA,Formosa,0,0,0,supplier-detail.html?supplier=FORMOSA,Active - testing master available,Active,Verified in ALL inventory,One parent supplier = one workspace
GB TEXTILE,GB TEXTILE,"GB Textile CO., LTD-Quote",2,0,2,supplier-detail.html?supplier=GB%20TEXTILE,Connected via Parent Supplier Crosswalk,Active,Pending ALL source verification,One parent supplier = one workspace
GLOBAL MERINO,GLOBAL MERINO,Global Merino,0,0,0,supplier-detail.html?supplier=GLOBAL%20MERINO,Active - no Fabric Records yet,Active,Pending ALL source verification,One parent supplier = one workspace
HANNICE,HANNICE,Hannice - CN - Black Heather | Hannice-China,4,1,3,supplier-detail.html?supplier=HANNICE,Connected via Parent Supplier Crosswalk,Active,Verified in ALL inventory,One parent supplier = one workspace
HUBO,HUBO,HUBO-Organic | HUBO-Quote,3,0,3,supplier-detail.html?supplier=HUBO,Connected via Parent Supplier Crosswalk,Active,Verified in ALL inventory,One parent supplier = one workspace
HUNGYEN,HUNGYEN,HungYen,0,0,0,supplier-detail.html?supplier=HUNGYEN,Active - testing master available,Active,Verified in ALL inventory,One parent supplier = one workspace
HWEAR,HWEAR,Hwear FH27 -Quote,1,1,0,supplier-detail.html?supplier=HWEAR,Connected via Parent Supplier Crosswalk,Active,Pending ALL source verification,One parent supplier = one workspace
HYPERBOLA,HYPERBOLA,Hyperbola-China | Hyperbola-Quote,2,2,0,supplier-detail.html?supplier=HYPERBOLA,Connected via Parent Supplier Crosswalk,Active,Verified in ALL inventory,One parent supplier = one workspace
IKAR,IKAR,IKAR,0,0,0,supplier-detail.html?supplier=IKAR,Active - no Fabric Records yet,Active,Pending ALL source verification,One parent supplier = one workspace
INDO TAICHEN,INDO TAICHEN,"Indotaichen - Indonesia | Indotaichen- SP26 Q1 & Q2 | Indotaichen-Indonesia | Indotaichen-Indonesia - 20,000y-34,000y",5,0,5,supplier-detail.html?supplier=INDO%20TAICHEN,Connected via Parent Supplier Crosswalk,Active,Pending ALL source verification,One parent supplier = one workspace
INTAI,INTAI,Intai-Quote,4,3,1,supplier-detail.html?supplier=INTAI,Connected via Parent Supplier Crosswalk,Active,Verified in ALL inventory,One parent supplier = one workspace
J&B,J&B,J&B - VN | J&B VN | J&B-China | J&B-J&B Opt 2 | J&B-Quote | J&B-Taiwan -SP26 | J&B-VN | J&B-Vietnam,17,13,4,supplier-detail.html?supplier=J%26B,Connected via Parent Supplier Crosswalk,Active,Pending ALL source verification,One parent supplier = one workspace
JJAMM / KFINE,JJAMM / KFINE,J'Jamm Works International-China | JJAMM-China | Jjamm-China,10,0,10,supplier-detail.html?supplier=JJAMM%20%2F%20KFINE,Connected via Parent Supplier Crosswalk,Active,Verified in ALL inventory,One parent supplier = one workspace
KINGWHALE,KINGWHALE,Kingwhale-Taiwan,3,3,0,supplier-detail.html?supplier=KINGWHALE,Connected via Parent Supplier Crosswalk,Active,Verified in ALL inventory,One parent supplier = one workspace
KIYI,KIYI,KIYI- CN,1,1,0,supplier-detail.html?supplier=KIYI,Connected via Parent Supplier Crosswalk,Active,Verified in ALL inventory,One parent supplier = one workspace
LABTEX,LABTEX,Labtex-Taiwan | Labtex-Taiwan FA26 Q3/Q4,3,1,2,supplier-detail.html?supplier=LABTEX,Connected via Parent Supplier Crosswalk,Active,Verified in ALL inventory,One parent supplier = one workspace
LEEJO,LEEJO,Leejo-South Korea,1,1,0,supplier-detail.html?supplier=LEEJO,Connected via Parent Supplier Crosswalk,Active,Verified in ALL inventory,One parent supplier = one workspace
LIHE,LIHE,LIHE,0,0,0,supplier-detail.html?supplier=LIHE,Active - testing master available,Active,Verified in ALL inventory,One parent supplier = one workspace
MANTECO,MANTECO,Manteco,0,0,0,supplier-detail.html?supplier=MANTECO,Active - testing master available,Active,Verified in ALL inventory,One parent supplier = one workspace
MAS,MAS,MAS-Quote | MAS-Sri Lanka | MAS Matrix | MAS Seamless,5,5,0,supplier-detail.html?supplier=MAS,Connected via Parent Supplier Crosswalk,Active,Verified in ALL inventory,One parent supplier = one workspace
MAXLAND,MAXLAND,Maxland,0,0,0,supplier-detail.html?supplier=MAXLAND,Active - testing master available,Active,Verified in ALL inventory,One parent supplier = one workspace
MILLEFILI,MILLEFILI,Millefili,0,0,0,supplier-detail.html?supplier=MILLEFILI,Active - no Fabric Records yet,Active,Pending ALL source verification,One parent supplier = one workspace
NICE DYEING / ECOTEXTILE / TEXWINCA,NICE DYEING / ECOTEXTILE / TEXWINCA,Nice Dyeing / Ecotextile / TEXWINCA,0,0,0,supplier-detail.html?supplier=NICE%20DYEING%20%2F%20ECOTEXTILE%20%2F%20TEXWINCA,Active - no Fabric Records yet,Active,Pending ALL source verification,One parent supplier = one workspace
NICE GAIN,NICE GAIN,Nice Gain-China,1,1,0,supplier-detail.html?supplier=NICE%20GAIN,Connected via Parent Supplier Crosswalk,Active,Verified in ALL inventory,One parent supplier = one workspace
NOVA FIDES,NOVA FIDES,Nova Fides,0,0,0,supplier-detail.html?supplier=NOVA%20FIDES,Active - no Fabric Records yet,Active,Pending ALL source verification,One parent supplier = one workspace
N-STAR,N-STAR,N-Star,0,0,0,supplier-detail.html?supplier=N-STAR,Active - testing master available,Active,Verified in ALL inventory,One parent supplier = one workspace
OLIMPIAS,OLIMPIAS,Olimpias-Italy,1,1,0,supplier-detail.html?supplier=OLIMPIAS,Connected via Parent Supplier Crosswalk,Active,Verified in ALL inventory,One parent supplier = one workspace
PACIFIC TEXTILES,PACIFIC TEXTILES,Pacific Textiles,0,0,0,supplier-detail.html?supplier=PACIFIC%20TEXTILES,Active - no Fabric Records yet,Active,Pending ALL source verification,One parent supplier = one workspace
POLARTEC,POLARTEC,Polartec-China,1,1,0,supplier-detail.html?supplier=POLARTEC,Connected via Parent Supplier Crosswalk,Active,Verified in ALL inventory,One parent supplier = one workspace
PROMAX,PROMAX,Promax,0,0,0,supplier-detail.html?supplier=PROMAX,Active - testing master available,Active,Verified in ALL inventory,One parent supplier = one workspace
SABRINA,SABRINA,Sabrina-Taiwan,1,1,0,supplier-detail.html?supplier=SABRINA,Connected via Parent Supplier Crosswalk,Active,Verified in ALL inventory,One parent supplier = one workspace
SEWANG,SEWANG,Sewang Vina-Sewang,1,1,0,supplier-detail.html?supplier=SEWANG,Connected via Parent Supplier Crosswalk,Active,Pending ALL source verification,One parent supplier = one workspace
SHANGTEX,SHANGTEX,Shangtex-China,5,0,5,supplier-detail.html?supplier=SHANGTEX,Connected via Parent Supplier Crosswalk,Active,Verified in ALL inventory,One parent supplier = one workspace
SHIN HAN,SHIN HAN,Shin Han,0,0,0,supplier-detail.html?supplier=SHIN%20HAN,Active - no Fabric Records yet,Active,Pending ALL source verification,One parent supplier = one workspace
SHINKONG,SHINKONG,ShinKong,0,0,0,supplier-detail.html?supplier=SHINKONG,Active - no Fabric Records yet,Active,Pending ALL source verification,One parent supplier = one workspace
SIDONIOS,SIDONIOS,Sidonios,0,0,0,supplier-detail.html?supplier=SIDONIOS,Active - testing master available,Active,Verified in ALL inventory,One parent supplier = one workspace
SOCO / HARRY TRADING,SOCO / HARRY TRADING,Soco-China,2,0,2,supplier-detail.html?supplier=SOCO%20%2F%20HARRY%20TRADING,Connected via Parent Supplier Crosswalk,Active,Pending ALL source verification,One parent supplier = one workspace
SOLOTEX,SOLOTEX,Solotex,0,0,0,supplier-detail.html?supplier=SOLOTEX,Active - no Fabric Records yet,Active,Pending ALL source verification,One parent supplier = one workspace
TEIJIN,TEIJIN,Teijin - China-SP26 | Teijin - Thailand | Teijin-China | Teijin-JP | Teijin-Japan | Teijin-Japan-SP26 | Teijin-Quote,8,8,0,supplier-detail.html?supplier=TEIJIN,Connected via Parent Supplier Crosswalk,Active,Verified in ALL inventory,One parent supplier = one workspace
TESSILE FIORENTINA,TESSILE FIORENTINA,Tessile Fiorentina,0,0,0,supplier-detail.html?supplier=TESSILE%20FIORENTINA,Active - no Fabric Records yet,Active,Pending ALL source verification,One parent supplier = one workspace
TORAY,TORAY,Toray-China | Toray-Icelandic Cozy 2L | Toray-Quote,3,3,0,supplier-detail.html?supplier=TORAY,Connected via Parent Supplier Crosswalk,Active,Verified in ALL inventory,One parent supplier = one workspace
TOYOTA,TOYOTA,Toyota-Japan | Toyota-Quote,2,2,0,supplier-detail.html?supplier=TOYOTA,Connected via Parent Supplier Crosswalk,Active,Verified in ALL inventory,One parent supplier = one workspace
TREND TEXTILE,TREND TEXTILE,Trend Textile | Trend Textile - China,2,2,0,supplier-detail.html?supplier=TREND%20TEXTILE,Connected via Parent Supplier Crosswalk,Active,Pending ALL source verification,One parent supplier = one workspace
UNITED BERRY,UNITED BERRY,United Berry-TW | United Berry-Taiwan,4,4,0,supplier-detail.html?supplier=UNITED%20BERRY,Connected via Parent Supplier Crosswalk,Active,Verified in ALL inventory,One parent supplier = one workspace
VICTORIA,VICTORIA,Victoria Textile-korea,1,0,1,supplier-detail.html?supplier=VICTORIA,Connected via Parent Supplier Crosswalk,Active,Verified in ALL inventory,One parent supplier = one workspace
WU LUEN,WU LUEN,Wu Luen,0,0,0,supplier-detail.html?supplier=WU%20LUEN,Active - testing master available,Active,Verified in ALL inventory,One parent supplier = one workspace
XINAO,XINAO,XINAO,0,0,0,supplier-detail.html?supplier=XINAO,Active - no Fabric Records yet,Active,Pending ALL source verification,One parent supplier = one workspace
YOUNGONE,YOUNGONE,Youngone-designtex Vietnam,1,1,0,supplier-detail.html?supplier=YOUNGONE,Connected via Parent Supplier Crosswalk,Active,Verified in ALL inventory,One parent supplier = one workspace
YOUNGTEX,YOUNGTEX,Youngtex | Youngtex - China | Youngtex-China | Youngtex-Korea,10,7,3,supplier-detail.html?supplier=YOUNGTEX,Connected via Parent Supplier Crosswalk,Active,Verified in ALL inventory,One parent supplier = one workspace
YRC,YRC,YRC-Quote,1,0,1,supplier-detail.html?supplier=YRC,Connected via Parent Supplier Crosswalk,Active,Verified in ALL inventory,One parent supplier = one workspace
YU YUANG,YU YUANG,Yu Yuang-China | Yu Yuang-Taiwan | Yu Yuang-Taiwan-SP25/FA25 | Yu Yuang-Yu-Yuang-Taiwan,6,5,1,supplier-detail.html?supplier=YU%20YUANG,Connected via Parent Supplier Crosswalk,Active,Verified in ALL inventory,One parent supplier = one workspace
